"RecordSpec","DataKubun","MakeDate","JyoCD","Kyori","TrackCD","KaishuDate","CourseEX"
"CS","2","20120228","01","1000","17","19860101","スタート地点は向正面の真ん中付近｡最初の３コーナーまでは約２００ｍ｡札幌競馬場の芝コースは高低差が０.６ｍと小さく､全周にわたりほぼ平坦｡また､コース全体が丸みを帯びており､コーナーが大回りで直線部分が短いという特徴がある｡よって､３〜４コーナーはかなり緩やかなカーブ｡最後の直線距離はＡコース時が２６６.１ｍ､Ｂコース時が２６７.６ｍ､Ｃコース時が２６９.１ｍ｡芝は洋芝｡芝１０００ｍは札幌コースの中では､馴染みが薄いマイナーな条件｡同競馬場の芝短距離は１２００ｍが主流なので､年によっては行われないことがある｡行われる場合は､メイクデビューや５００万クラスの平場戦が中心だ｡かなり古い記録になるが､古馬５００万クラスの水準ラップ(２Ｆ-３Ｆ)と勝ち時計(良馬場)を示すと､２３.２-３４.７=５７.９｡良馬場ならば５８秒前後の決着｡テンから飛ばしてゴールまで目一杯走ることになる｡３コーナーまでの距離は短いため､枠順はできれば内がいい｡フルゲートは１４頭で､その際の１１番ゲートより外はやや苦しい｡ただ､スタートダッシュが速い逃げ馬､二の脚が速い先行馬ならそれほど大きな不利にはならない｡逃げ〜先行馬が圧倒的に有利だ｡中団以降の差し馬は苦戦必至｡２､３着はあるが勝つのは至難の業｡種牡馬成績は､かなりバラエティーに富んでいる｡どの系統でも問題ない｡　●クラス別水準ラップ(２Ｆ-３Ｆ)と勝ち時計　２歳ＯＰ特別･重賞(─)､３歳以上５００万(２３.２-３４.７=５７.９)､３歳以上１０００万(─)､３歳以上準ＯＰ･ＯＰ特別(─)､３歳以上重賞(─)",
"CS","2","20120228","01","1000","24","19860101","スタート地点は向正面左､２コーナー出口付近｡３コーナーまでの距離は約２８０ｍ｡札幌のダートコースは高低差がほとんどないのが特徴｡ローカルの競馬場は､一般的に平坦コースと言われているが､実際にはコース全体で高低差が少しある｡その中でも札幌のダートコースの高低差は０.９ｍと､ＪＲＡ全１０場の中で新潟ダートコース(０.５ｍ)に次いで２番目に少ない｡加えて､コース全体が丸みを帯びており､コーナーが大回りで直線部分が短いという特徴がある｡よって､３〜４コーナーはかなり緩やかなカーブ｡最後の直線距離は２６４ｍ｡テンから目一杯飛ばして､そのままなだれ込むレース｡前述したようにカーブが緩い分､純粋にスピードの絶対値が問われ､逃げ〜先行馬が断然優勢｡前に行った馬はなかなか止まらない｡行った行ったのケースも多く､単調なレースになりやすい｡ただ､これはレースの大半が未勝利戦や５００万クラスであることも大きいはず｡枠順傾向は４枠より内がいい｡外枠は２着止まりのケースが多くなる｡種牡馬成績はキングカメハメハ､クロフネ､スクワートルスクワート､サウスヴィグラスが上位｡サクラバクシンオー､ワイルドラッシュ､フジキセキはひと息｡かつて強かったフォーティナイナーは近年､５００万クラス以上での好走が少なくなった｡　●クラス別水準ラップ(２Ｆ-３Ｆ)と勝ち時計　２歳ＯＰ特別･重賞(─)､３歳以上５００万(２３.４-３５.７=５９.１)､３歳以上１０００万(２３.１-３５.４=５８.５)､３歳以上準ＯＰ･ＯＰ特別(─)､３歳以上重賞(─)",
"CS","2","20170828","01","1200","17","19860101","スタート地点は向正面直線２コーナーから少し左に入ったところのポケット｡最初の３コーナーまでの距離は約４００ｍある｡札幌競馬場の芝コースは高低差が０.６ｍと小さく､全周にわたりほぼ平坦｡また､コース全体が丸みを帯びており､コーナーが大回りで直線部分が短いという特徴がある｡よって､３〜４コーナーはかなり緩やかなカーブ｡最後の直線距離はＡコース時が２６６.１ｍ､Ｂコース時が２６７.６ｍ､Ｃコース時が２６９.１ｍ｡芝は洋芝｡各クラスで頻繁に組まれており､札幌開催の番組の中心を担う条件｡テンから飛ばす前傾ラップのレース｡ゴール前は平坦でも最後は凌ぎ合いで､ラスト１ハロンの時計がかかる｡時計の出方は開催日によって違ってくるが､函館開催時期に比べて雨で道悪になるケースは少ない｡洋芝でもスピード重視｡脚質的は基本的に逃げ〜先行馬が有利｡ただし､Ａ→Ｂ→Ｃと仮柵が外に行くほど､逃げ馬の成績はやや悪くなる｡枠順は真ん中より内が有利｡馬番で言うと１０番以内がベスト｡８枠は不利で､すんなり先手を奪えそうな馬でないと厳しい｡種牡馬成績はサクラバクシンオーが筆頭だが､５００万クラス以上では２着が多くなっているので注意｡スウェプトオーヴァーボード､シンボリクリスエス､スペシャルウィークが勝ち鞍･配当的に妙味｡タイキシャトル､ボストンハーバーは不振｡　●クラス別水準ラップ(３Ｆ-３Ｆ)と勝ち時計　２歳ＯＰ特別･重賞(３４.５-３５.６=１.１０.１)､３歳以上５００万(３３.９-３５.８=１.０９.７)､３歳以上１０００万(３４.０-３５.２=１.０９.２)､３歳以上準ＯＰ･ＯＰ特別(３３.６-３５.０=１.０８.６)､３歳以上重賞(３３.８-３４.６=１.０８.４)",
"CS","2","20120228","01","1500","17","19860101","ＪＲＡで唯一組まれている距離で､札幌競馬場を象徴する特殊なコース｡スタート地点は１コーナー横にあるポケット｡スタート後､約１７０ｍ斜めに走り向正面直線に合流｡札幌競馬場の芝コースは高低差が０.６ｍと小さく､全周にわたりほぼ平坦｡また､コース全体が丸みを帯びており､コーナーが大回りで直線部分が短いという特徴がある｡よって､３〜４コーナーはかなり緩やかなカーブ｡最後の直線距離はＡコース時が２６６.１ｍ､Ｂコース時が２６７.６ｍ､Ｃコース時が２６９.１ｍ｡芝は洋芝｡全体的には中山芝１６００ｍに似たようなコース形態になっている｡前半の２.５ハロンはペースが速く､クラスを問わず２９秒５が水準時計｡その後は中盤からゴールまで一定のペースで進むことが多い｡脚質別成績を見ると､Ａコース時は逃げ馬が圧倒的に強い｡ところがＢコース､Ｃコースになると逃げ馬が壊滅｡先行馬と差し馬がそれぞれ互角の活躍｡追い込みは常に厳しい｡枠順傾向は中山芝１６００ｍ同様､内枠が有利｡フルゲートは１４頭だが､スタート直後にコーナーがあるので外枠の馬は､外々を回らされて不利になる｡外枠の差し馬は割引が必要｡内枠の馬同士で決まり､大波乱という結果もめずらしくない｡要求される距離適性は､マイルよりやや短め｡平坦コースのせいか､１４００ｍがベストの馬でも対応しやすい｡種牡馬傾向はスペシャルウィーク､サクラバクシンオー､タイキシャトル､クロフネらが上位拮抗｡グラスワンダー､アグネスタキオン､フジキセキはあまりよくない｡　●クラス別水準ラップ(２.５Ｆ-２Ｆ-３Ｆ)と勝ち時計　２歳ＯＰ特別･重賞(２９.７-２４.６-３５.６=１.２９.９)､３歳以上５００万(２９.５-２４.０-３５.９=１.２９.４)､３歳以上１０００万(２９.６-２３.９-３５.５=１.２９.０)､３歳以上準ＯＰ･ＯＰ特別(─)､３歳以上重賞(─)",
"CS","2","20120228","01","1700","24","19860101","スタート地点は正面スタンド前直線右｡ダートコースを１周強回る｡最初の１コーナーまでの距離は約２４０ｍ｡札幌のダートコースは高低差がほとんどないのが特徴｡ローカルの競馬場は､一般的に平坦コースと言われているが､実際にはコース全体で高低差が少しある｡その中でも札幌のダートコースの高低差は０.９ｍと､ＪＲＡ全１０場の中で新潟ダートコース(０.５ｍ)に次いで２番目に少ない｡加えて､コース全体が丸みを帯びており､コーナーが大回りで直線部分が短いという特徴がある｡よって､３〜４コーナーはかなり緩やかなカーブ｡最後の直線距離は２６４ｍ｡３歳以上重賞の水準ラップと勝ち時計はＧ３のエルムＳを対象｡高低差が少なく､コーナーのカーブが緩いコースらしく､全体的に速い時計が出る｡スタート後の５００ｍはかなり速い｡向正面に入ってもペースはあまり落ちず､そのあともゴールまで一定の速いペースで推移｡スローペースの上がり勝負にはほとんどならない｡スピードの持続力に長け､ダートの高速決着に対応できるスピードタイプの馬でないと苦しい｡札幌ダートの主力条件で､重賞以外のクラスでも多くのレースが組まれている｡脚質は好位につけられる先行馬が最も有利｡逃げ馬も悪くない｡差し馬はコーナーでマクリ､４コーナー出口までに好位に押し上げられるタイプでないとなかなか勝てない｡枠順の有利･不利はあまりない｡種牡馬成績は､シンボリクリスエス､クロフネ､アフリート､マンハッタンカフェ､ワイルドラッシュらが上位｡　●クラス別水準ラップ(２.５Ｆ-３Ｆ-３Ｆ)と勝ち時計　２歳ＯＰ特別･重賞(─)､３歳以上５００万(３０.１-３７.９-３８.２=１.４６.２)､３歳以上１０００万(３０.０-３７.９-３７.１=１.４５.０)､３歳以上準ＯＰ･ＯＰ特別(２９.８-３７.０-３７.０=１.４３.８)､３歳以上重賞(２９.７-３７.０-３６.４=１.４３.１)",
"CS","2","20170828","01","1800","17","19860101","スタート地点は正面スタンド前｡ホームストレッチの半ば付近で､最初のコーナーまでの距離は約１８０ｍ｡札幌競馬場の芝コースは高低差が０.６ｍと小さく､全周にわたりほぼ平坦｡また､コース全体が丸みを帯びており､コーナーが大回りで直線部分が短いという特徴がある｡よって､１〜２コーナー､３〜４コーナーはかなり緩やかなカーブ｡最後の直線距離はＡコース時が２６６.１ｍ､Ｂコース時が２６７.６ｍ､Ｃコース時が２６９.１ｍ｡芝は洋芝｡１コーナーまでの距離が短いため､最初の１ハロンのペースはやや速い｡２ハロン目は当然速く､ペースが落ち着くとしたらその後の向正面の直線｡ただ､極端には緩まずに一定のペースで流れることが多い｡上がりの競馬にはあまりならない｡脚質的には逃げ〜先行馬が有利｡ただし､仮柵がＡ→Ｂ→Ｃと移動するにつれて逃げ〜先行馬の成績は下がり､差し馬が台頭する｡開幕週･Ａコースの条件下で行われるクイーンＳは逃げ馬の天下となっている｡枠順は基本的に内がいいが､内で出脚が悪いとへこまされて簡単に位置取りが悪くなるので諸刃の剣｡中枠から先行できるタイプが最もリスクが少ない｡種牡馬成績はスペシャルウィーク､ダンスインザダーク､フジキセキ､ネオユニヴァース､ステイゴールド､マンハッタンカフェらサンデーサイレンスの系統が強い｡キングカメハメハらミスタープロスペクター系はひと息｡　●クラス別水準ラップ(３Ｆ-３Ｆ-３Ｆ)と勝ち時計　２歳ＯＰ特別･重賞(３６.３-３７.３-３６.２=１.４９.８)､３歳以上５００万(３７.０-３７.２-３５.６=１.４９.８)､３歳以上１０００万(３６.４-３７.２-３５.６=１.４９.２)､３歳以上準ＯＰ･ＯＰ特別(─)､３歳以上重賞(３６.０-３６.５-３５.５=１.４８.０)",
"CS","2","20120228","01","2000","17","19860101","スタート地点は正面スタンド前直線の４コーナー奥ポケット｡スタンド前の直線を大きく横切り一周する｡最初のコーナーまでの距離は約３８０ｍ｡札幌競馬場の芝コースは高低差が０.６ｍと小さく､全周にわたりほぼ平坦｡また､コース全体が丸みを帯びており､コーナーが大回りで直線部分が短いという特徴がある｡よって､１〜２コーナー､３〜４コーナーはかなり緩やかなカーブ｡最後の直線距離はＡコース時が２６６.１ｍ､Ｂコース時が２６７.６ｍ､Ｃコース時が２６９.１ｍ｡芝は洋芝｡競馬場全体をフルに使う癖がないコースだ｡最初の１コーナーまで距離があることと､１ハロン伸びた分だけ芝１８００ｍよりはペースは落ち着きやすい｡スローペースになればその分､一瞬の切れが必要になる｡ただ､一般的には平均ペースが多い｡クラスが上がるごとに中盤３ハロンのペースは厳しくなる｡上がり３ハロンはどのクラスも３５秒台が水準｡力が要る洋芝の影響もあり､全体の時計は函館より若干速い程度｡Ｇ２の札幌記念でも２分００秒台を切るとは限らない｡脚質的には逃げ〜先行馬が有利｡特にＡコース時は強い｡Ｂコース､Ｃコースでは逆に逃げ馬はやや厳しく､先行馬がいい｡差し〜追い込み馬は､マクリながら前に進出することが求められる｡また､脚質に限らず洋芝適性は必須｡コース形態的に枠順の有利･不利はあまりなさそうだが､実際には上のクラスに行くほど中枠より内が有利｡フルゲート(１６頭)の際の１２番ゲートより外は不振だ｡種牡馬成績はシンボリクリスエスが筆頭｡単･複回収率も高い｡以下､スペシャルウィーク､マンハッタンカフェ､ホワイトマズル､ジャングルポケットらが上位｡エルコンドルパサー､ウォーエンブレム､ティンバーカントリーなどのミスタープロスペクター系は､札幌芝１８００ｍでは不振だったが､ここでは浮上してくる｡ダンスインザダーク､アグネスタキオンはよくない｡　●クラス別水準ラップ(３Ｆ-４Ｆ-３Ｆ)と勝ち時計　２歳ＯＰ特別･重賞(─)､３歳以上５００万(３５.６-５０.８-３５.９=２.０２.３)､３歳以上１０００万(３６.０-４９.５-３６.０=２.０１.５)､３歳以上準ＯＰ･ＯＰ特別(３５.７-４９.４-３５.３=２.００.４)､３歳以上重賞(３５.３-４８.７-３５.８=１.５９.８)",
"CS","2","20120228","01","2400","24","19860101","スタート地点は向正面直線の真ん中付近｡コース全体を約１周半回る｡最初の１コーナーまでの距離は約１９７ｍ｡札幌のダートコースは高低差がほとんどないのが特徴｡ローカルの競馬場は､一般的に平坦コースと言われているが､実際にはコース全体で高低差が少しある｡その中でも札幌のダートコースの高低差は０.９ｍと､ＪＲＡ全１０場の中で新潟ダートコース(０.５ｍ)に次いで２番目に少ない｡加えて､コース全体が丸みを帯びており､コーナーが大回りで直線部分が短いという特徴がある｡よって､１〜２コーナー､３〜４コーナーはかなり緩やかなカーブ｡最後の直線距離は２６４ｍ｡現在は古馬５００万クラスの平場戦でのみ施行されているマイナーな条件｡年間２､３鞍しか組まれていない｡スタート直後からの３ハロンと､続く３ハロンのペースはほぼ同じ｡ただし､ここでは函館ダート２４００ｍよりもそれぞれ１秒時計がかかっている｡その分､ラスト３ハロンの時計が速く､５００万クラスの水準が３８秒台｡全体の時計は函館ダート２４００ｍとほぼ同じだ｡２周目の３コーナーの残り６００ｍ地点から各馬が押っつけにかかり､ラストスパート｡そこからゴールまで追い通しとなる｡勝つような馬は最後の直線入り口の地点で１､２番手につけており､直線に入ってから隊列が激しく入れ替わるようなことはない｡ただ､一本調子でなだれ込む逃げ馬には厳しい条件で､終いにピリッとした末脚は必須｡勝ち馬は大抵､メンバー中３位以内の上がりを使っている｡近走､ダートの１７００ｍや１８００ｍで追い込んで届かず､惜敗しているような馬が面白い｡枠順の有利･不利はない｡種牡馬傾向はブライアンズタイム､チーフベアハートが好成績｡モンジューやデザートキングといった海外の長距離Ｇ１で実績がある血統が来ていることから､スタミナがある血統がいいだろう｡　●クラス別水準ラップ(３Ｆ-３Ｆ-３Ｆ-３Ｆ)と勝ち時計　２歳ＯＰ特別･重賞(─)､３歳以上５００万(３８.３-３８.４-４０.０-３８.７=２.３５.４)､３歳以上１０００万(─)､３歳以上準ＯＰ･ＯＰ特別(─)､３歳以上重賞(─)",
"CS","2","20120228","01","2600","17","19860101","スタート地点は向正面直線半ば｡スタート後､約１６０ｍ直線を走ってから１周目の３コーナーカーブに差し掛かる｡コース全体を１周半グルリと回るレースで､札幌競馬場における最長距離競走｡同競馬場の芝コースは高低差が０.６ｍと小さく､全周にわたりほぼ平坦｡また､コース全体が丸みを帯びており､コーナーが大回りで直線部分が短いという特徴がある｡よって､１〜２コーナー､３〜４コーナーはかなり緩やかなカーブ｡最後の直線距離はＡコース時が２６６.１ｍ､Ｂコース時が２６７.６ｍ､Ｃコース時が２６９.１ｍ｡芝は洋芝｡最初のコーナーまでの距離が短いこともあり､序盤の主導権争いはポイント｡最初の３ハロンの方が､次の３ハロンより速く､一周目の正面スタンド前に入ったところでようやく隊列が落ち着く｡１〜２コーナーから２周目の向正面の途中までにさらにペースが落ち､その後３コーナー過ぎからペースアップ｡あとはゴールまでロングスパートとなる｡洋芝での長丁場ゆえに､非常にスタミナが要求されるタフなレース｡終盤に脚を残すようなレースにはなるが､鋭い決め手は不用｡切れ味より持続力｡団子状態のまま最後の直線に入ることは少なく､力がない馬はついてこられずに道中で脱落してしまう｡好走馬の脚質は逃げ〜先行馬が大半｡ある程度前に行ってレースを進められないと厳しい｡枠順はできるだけ内を引いた方がいい｡種牡馬成績は同じ馬が複数回好走していることを考慮しなければならないが､ジャングルポケット､チーフベアハート､ジェイドロバリー､マンハッタンカフェが上位｡　●クラス別水準ラップ(３Ｆ-４Ｆ-３Ｆ-３Ｆ)と勝ち時計　２歳ＯＰ特別･重賞(─)､３歳以上５００万(３７.１-５０.７-３８.０-３７.１=２.４２.９)､３歳以上１０００万(３７.３-５１.５-３７.６-３５.７=２.４２.１)､３歳以上準ＯＰ･ＯＰ特別(３７.１-５０.０-３６.５-３６.６=２.４０.２)､３歳以上重賞(─)",
"CS","2","20120723","02","1000","17","19860101","スタート地点は向正面直線の真ん中よりやや左｡最初の３コーナーまでの距離は約２９０ｍあり､緩やかな上り坂になっている｡３〜４コーナーはスパイラルカーブ｡途中に坂の頂上があり､最後の直線半ばにかけて緩やかな下り坂｡その後､ゴールまでは平坦になっている｡函館競馬場は一般的に平坦コースと思われがちだが､このように実は起伏がある｡芝コース全体の高低差は３.４ｍ｡仮柵によるコース設定はＡ､Ｂ､Ｃの３パターンで､最後の直線距離はともに２６２ｍ｡現在は年に一回だけ､２歳新馬戦で組まれているマイナー条件｡好走馬の特徴は掴みづらいが､やはり基本は逃げ〜先行馬を狙うこと｡先行力は必須だ｡枠順は内が有利｡レースが行われている６月中旬は馬場状態が良好で､水準時計は５７秒８｡血統傾向はサクラバクシンオーの系統､ノーザンダンサー系の短距離タイプが好成績｡　●クラス別水準ラップ(２Ｆ-３Ｆ)と勝ち時計　２歳ＯＰ特別･重賞(─)､３歳以上５００万(─)､３歳以上１０００万(─)､３歳以上準ＯＰ･ＯＰ特別(─)､３歳以上重賞(─)",
"CS","2","20120228","02","1000","24","19860101","スタート地点は向正面の左端｡２コーナーを曲がり終えてすぐのところ｡３コーナーまでの距離は３６６ｍ｡函館はダートコース全体として３.４ｍの高低差がある｡３コーナーをめがけて坂を上り､３〜４コーナーはスパイラルカーブ｡途中に坂の頂上(最高地点)があり､最後の直線半ばにかけて緩やかな下り坂｡最後の直線距離は２６０ｍ｡スタート直後から､向正面の直線を目一杯使って激しい先行争いになるのは必至｡しかし､ダッシュを利かせて前に行けなければ勝負にならない｡逃げ〜先行馬が絶対有利｡枠順では６枠､８枠の成績が良い傾向｡内枠で出脚が悪いと被される危険がある｡種牡馬傾向はサクラバクシンオー､アグネスタキオン､フレンチデピュティ､ボストンハーバー､サウスヴィグラスらが上位｡ミスタープロスペクター系一色というわけではないので注意｡　●クラス別水準ラップ(２Ｆ-３Ｆ)と勝ち時計　２歳ＯＰ特別･重賞(─)､３歳以上５００万(２３.１-３６.０=５９.１)､３歳以上１０００万(２２.９-３６.１=５９.０)､３歳以上準ＯＰ･ＯＰ特別(─)､３歳以上重賞(─)",
"CS","2","20120723","02","1200","17","19860101","スタート地点は向正面直線､２コーナー奥にあるポケット｡最初の３コーナーまでの距離は約４９０ｍあり､緩やかな上り坂になっている｡３〜４コーナーはスパイラルカーブ｡途中に坂の頂上があり､最後の直線半ばにかけて緩やかな下り坂｡その後､ゴールまでは平坦になっている｡函館競馬場は一般的に平坦コースと思われがちだが､このように実は起伏がある｡芝コース全体の高低差は３.４ｍ｡仮柵によるコース設定はＡ､Ｂ､Ｃの３パターンで､最後の直線距離はともに２６２ｍ｡クラスを問わず前半の３ハロンは速く､典型的な前傾ラップ｡クラスが上がるごとに後半の失速率が下がり､走破時計も速くなる｡起伏がある上､函館競馬場の芝は重い洋芝なので全体的に時計がかかるのが特徴｡開幕して間もない時期はいいが､使いこまれたり､ひと雨降ったりすると､一気に時計がかかる｡開催日ごとで水準時計が大きく変わるので注意が必要｡時計が遅くなると､速い持ち時計がない穴馬が台頭してくる｡そのため､予想は難しい｡函館の芝に合った馬を見つけることがポイントになってくる｡脚質傾向は基本的に逃げ〜先行馬が有利｡近年はそうでもないが､馬場が痛み出すと､一気に逃げ〜先行馬が苦しくなる｡完全に差し馬有利な馬場になることもある｡枠順傾向は､以前は外枠有利が定説だったが､近年はそうでもない｡１６頭立ての大外は勝ち切れなくなっている｡それ以外のゲートは満遍なく好走馬が出ており､フラットと言っていいだろう｡　●クラス別水準ラップ(３Ｆ-３Ｆ)と勝ち時計　２歳ＯＰ特別･重賞(３４.３-３６.１=１.１０.４)､３歳以上５００万(３４.０-３５.９=１.０９.９)､３歳以上１０００万(３４.１-３５.１=１.０９.２)､３歳以上準ＯＰ･ＯＰ特別(３４.１-３４.８=１.０８.９)､３歳以上重賞(３３.５-３５.２=１.０８.７)",
"CS","2","20120228","02","1700","24","19860101","スタート地点は正面スタンド前直線の右端｡４コーナーを曲がり終えてすぐのところ｡１コーナーまでの距離は３２９ｍ｡ゴール板過ぎから１〜２コーナー中間までは緩やかな下り坂｡向正面直線は緩やかな上り坂で､３〜４コーナーはスパイラルカーブ｡途中に坂の頂上(最高地点)があり､最後の直線半ばにかけて緩やかな下り坂｡最後の直線距離は２６０ｍ｡スタート直後からペースが速くなり､前半の２.５ハロンの水準時計は２９秒台｡５００万からオープンクラスまでほぼ同じだ｡中盤からゴールまではほぼ一定のペース｡ただし､ハロン間の時計はクラスの差が出るため､全体の水準時計はかなり違う｡ダート戦なのでひるまずに前半から行くことになる｡１〜２コーナーまでになるべく前のいい位置を取る必要があるからだ｡逃げ馬より先行馬の方が若干成績がいいが､逃げ馬の連対率は約３３％もある｡最後の直線だけの差し〜追い込みは厳しく､後ろから行く場合はマクる脚が必要｡フルゲートは１３頭と少ないが､大外だけは少し成績が悪い｡種牡馬傾向はシンボリクリスエスが大活躍｡以下､クロフネ､マンハッタンカフェ､ゴールドアリュール､ブライアンズタイムらが続く｡フレンチデピュティ､ワイルドラッシュが案外ひと息｡ミスタープロスペクター系もあまり目立たない｡　●クラス別水準ラップ(２.５Ｆ-３Ｆ-３Ｆ)と勝ち時計　２歳ＯＰ特別･重賞(─)､３歳以上５００万(２９.９-３８.３-３８.２=１.４６.４)､３歳以上１０００万(２９.９-３７.９-３７.９=１.４５.７)､３歳以上準ＯＰ･ＯＰ特別(２９.２-３７.６-３７.４=１.４４.２)､３歳以上重賞(─)",
"CS","2","20170828","02","1800","17","19860101","スタート地点は正面スタンド前直線､スタンドの右端｡最初の１コーナーまでの距離は約２７５ｍ｡１コーナー手前から２コーナーにかけては緩い下り坂になっている｡２コーナーの地点が函館競馬場の最低地点になっており､向正面直線は緩やかな上り坂｡３〜４コーナーはスパイラルカーブ｡途中に坂の頂上(最高地点)があり､最後の直線半ばにかけて緩やかな下り坂｡その後､ゴールまでは平坦になっている｡函館競馬場は一般的に平坦コースと思われがちだが､このように実は起伏がある｡芝コース全体の高低差は３.４ｍ｡仮柵によるコース設定はＡ､Ｂ､Ｃの３パターンで､最後の直線距離はともに２６２ｍ｡スタートしてから２ハロン目のところがちょうど１〜２コーナーのカーブ｡通常､最もペースが上がりやすいところが曲線部分であるため､コーナリングのうまさが問われる｡向正面でひと息入るが､残り６００ｍが３コーナー手前であるため､極端にペースが落ちることはない｡結果､スタートからゴールまで各ハロンのラップ差が小さくなる｡平均からハイペースが基本｡末脚の持続力が問われる｡重い洋芝なので､速い持ち時計は必要ない｡逆に遅い上がりの決着に強いタフな馬を狙いたい｡脚質的には先行馬が圧倒的に有利｡逃げと差しはほぼ互角｡追い込みは不利｡マクれないと厳しい｡枠順成績は内枠が強い｡種牡馬成績はマンハッタンカフェ､ステイゴールド､スペシャルウィーク､ダンスインザダーク､フジキセキなどサンデーサイレンス系が中心｡速い上がりは必要ないが､決め手勝負にはなるのでサンデーの血は必要｡２番手グループにはグラスワンダー､シンボリクリスエス､ブライアンズタイムなどのロベルト系が占める｡　●クラス別水準ラップ(３Ｆ-３Ｆ-３Ｆ)と勝ち時計　２歳ＯＰ特別･重賞(─)､３歳以上５００万(３６.０-３７.４-３５.９=１.４９.３)､３歳以上１０００万(３６.３-３６.７-３６.１=１.４９.１)､３歳以上準ＯＰ･ＯＰ特別(３５.５-３７.２-３５.７=１.４８.４)､３歳以上重賞(─)",
"CS","2","20120723","02","2000","17","19860101","スタート地点は正面スタンド前直線の右端｡４コーナーのポケット｡坂の頂上からのスタートで､直線半ばまで下り坂を走ることになる｡１コーナーまでの距離は約４７５ｍ｡１コーナー手前から２コーナーにかけては緩い下り坂になっている｡２コーナーの地点が函館競馬場の最低地点になっており､向正面直線は緩やかな上り坂｡３〜４コーナーはスパイラルカーブ｡途中に坂の頂上(最高地点)があり､最後の直線半ばにかけて緩やかな下り坂｡その後､ゴールまでは平坦になっている｡函館競馬場は一般的に平坦コースと思われがちだが､このように実は起伏がある｡芝コース全体の高低差は３.４ｍ｡仮柵によるコース設定はＡ､Ｂ､Ｃの３パターンで､最後の直線距離はともに２６２ｍ｡前半の３ハロンの水準時計は重賞クラスも５００万クラスもあまり変わらない｡函館芝２０００ｍの重賞といえば函館記念｡中盤４ハロンのペースが条件戦とは雲泥の差となり､淀みない流れとなる｡逃げ馬にとっては楽ではないコースだ｡人気薄の逃げ切り勝ちは難しく､何かに差されやすい｡力がある馬でないと勝ち切れない｡ベストは先行しての抜け出し｡普通の差し馬には不利で､最後の直線までに好位まで押し上げていないと厳しい｡３〜４コーナーで動き始めてのマクリ差しが要求される｡芝１８００ｍ同様､上がりおよび全体の時計はかかる｡函館記念でも２分を切ることはめったにない｡洋芝に強いタイプを狙うのがセオリーだ｡かつてはサンデーサイレンス産駒がかなりの強さを見せていたコースだが､孫世代の実績はそれほど目立たない｡一応アドマイヤベガ､ステイゴールド､マンハッタンカフェ､バブルガムフェローが上位｡トニービンやジャングルポケットらのグレイソヴリン系､デインヒルやチーフベアハートのダンチヒ系､ジェネラスやラムタラ､マリエンバードなどのニジンスキー系､カーネギーやオペラハウスなどのサドラーズウェルズ系がそれぞれ強みを発揮しており､中央場所の芝中距離とは一風変わった傾向になっている｡　●クラス別水準ラップ(３Ｆ-４Ｆ-３Ｆ)と勝ち時計　２歳ＯＰ特別･重賞(─)､３歳以上５００万(３５.４-５０.３-３６.７=２.０２.４)､３歳以上１０００万(３５.２-４９.６-３６.７=２.０１.５)､３歳以上準ＯＰ･ＯＰ特別(─)､３歳以上重賞(３５.６-４８.９-３６.１=２.００.６)",
"CS","2","20120228","02","2400","24","19860101","スタート地点は向正面直線の真ん中から少し左に行ったところ｡コース全体を約一周半回る｡函館はダートコース全体として３.４ｍの高低差がある｡３コーナーをめがけて坂を上り､３〜４コーナーはスパイラルカーブ｡途中に坂の頂上(最高地点)があり､最後の直線半ばにかけて緩やかな下り坂｡最後の直線距離は２６０ｍ｡古馬５００万クラスの平場戦のみで行われるマイナーな条件に加え､鞍数も年間で一つしかない｡サンプル数は少ないが､３ハロンごとに分割して考えてみた場合､最初の３ハロンが最もペースが速くなるのは間違いない｡続く３ハロンも水準が３７秒台と速く､その分後半２つの３ハロンが４０秒台という消耗戦になっている｡非常にスタミナを要するコースだ｡前に行ったがそのままゴールまで凌ぎ合う競馬になり､差し〜追い込みはほとんど利かない｡上がりがかかっても､後方の馬も脚が残っていないので差せないからだ｡１７００ｍで先行できずに負けていた馬の巻き返しが盲点になりやすい｡芝からの転戦馬にも注意が必要だ｡また､平場戦なので減量騎手の効果は大きい｡枠順はあまり関係がない｡種牡馬傾向はマンハッタンカフェ､サクラローレル､ダンスインザダークなど芝長距離に適性がある血統がいい｡ミスタープロスペクター系もスキャターザゴールド､ティンバーカントリーなどスタミナ派を狙うといい｡　●クラス別水準ラップ(３Ｆ-３Ｆ-３Ｆ-３Ｆ)と勝ち時計　２歳ＯＰ特別･重賞(─)､３歳以上５００万(３７.０-３７.３-４０.３-４０.６=２.３５.２)､３歳以上１０００万(─)､３歳以上準ＯＰ･ＯＰ特別(─)､３歳以上重賞(─)",
"CS","2","20120228","02","2600","17","19860101","スタート地点は向正面直線の真ん中｡スタンドから見てちょうど正面付近となり､コースを１周半回る｡３〜４コーナーはスパイラルカーブ｡途中に坂の頂上(最高地点)があり､最後の直線半ばにかけて緩やかな下り坂｡その後､ゴールまでは平坦になっている｡仮柵によるコース設定はＡ､Ｂ､Ｃの３パターンで､最後の直線距離はともに２６２ｍ｡スタート後の２ハロン目だけはペースが速いが､その後は平均からスローペースで流れる｡２回目の４コーナー手前から各馬が仕掛けるので､上がり勝負となっても多頭数が団子状態になってゴールするシーンはあまりない｡特に力がある逃げ馬がすんなり先手を奪えた時は､ぶっちぎって勝ってしまい､後続に大きな差をつけることがある｡重い洋芝での長距離は体力の消耗が激しく､何よりもスタミナが必要だ｡クラスによる水準時計の差があまりないことも特徴｡ただ､馬場や展開により､時計の出方は大きく変わる｡脚質的には逃げ〜先行馬が有利｡追い込みは厳しい｡多頭数にはなりにくいので枠順はあまり関係ないが､できるだけ内枠の方がいい｡種牡馬傾向はジャングルポケット､マンハッタンカフェ､ステイゴールドらが上位｡ニジンスキー系を中心としたノーザンダンサー系も悪くはないが､芝２０００ｍで狙う方がいい｡　●クラス別水準ラップ(３Ｆ-４Ｆ-３Ｆ-３Ｆ)と勝ち時計　２歳ＯＰ特別･重賞(─)､３歳以上５００万(３７.７-５１.２-３７.７-３７.４=２.４４.０)､３歳以上１０００万(３８.０-５１.５-３８.５-３５.７=２.４３.７)､３歳以上準ＯＰ･ＯＰ特別(３８.０-５１.１-３８.０-３６.２=２.４３.３)､３歳以上重賞(─)",
"CS","2","20120228","03","1000","17","19860101","スタート地点は向正面の真ん中よりやや左｡３コーナーまでの距離は約２１２ｍ(Ａコース時)｡福島芝コースは向正面直線の半ば､残り１０００ｍ付近から上り坂になっており､３〜４コーナーはスパイラルカーブ｡コース全体の高低差は１.８ｍ｡残り４００ｍ付近から下り坂｡さらに最後の直線の残り約１５０ｍから再び上るというコース形態｡したがって､芝１０００ｍはスタート直後に上り坂が待ち構えている｡その分､前半の入りのスピードが遅くなるが､レースの質にはほとんど影響しない｡最後の直線距離はＡコース時が２９２ｍ､Ｂコース時が２９７.５ｍ､Ｃコース時が２９９.７ｍ｡現在､芝１０００ｍは６月の開催のメイクデビューで組まれているだけ｡そのためサンプルは少ないが､同クラスの水準ラップ(２Ｆ-３Ｆ)と勝ち時計(良馬場)は､２３.１-３４.５=５７.６｡芝１２００ｍと同じように二の脚の速さが重要で､先手を取れないと勝ち負けは厳しい｡逆に先手を取れれば､その時点で勝ち負け必至｡展開よりもスピードがある馬を見分けることが大切になる｡枠はほぼフラット｡外枠でも先行力があれば､問題ない｡　●クラス別水準ラップ(２Ｆ-３Ｆ)と勝ち時計　２歳ＯＰ特別･重賞(─)､３歳以上５００万(─)､３歳以上１０００万(─)､３歳以上準ＯＰ･ＯＰ特別(─)､３歳以上重賞(─)",
"CS","2","20120228","03","1000","24","19860101","スタート地点は向正面の左｡２コーナーの出口｡ダートコースのスタートだが幅員が２０ｍと狭く､フルゲートでわずか１２頭までしか取れない｡３コーナーまでの距離は約３３０ｍで､緩やかな上り坂になっている｡３〜４コーナーはスパイラルカーブ｡最後の直線距離は２９５.７ｍ｡０４年の秋開催にダート１１５０ｍが誕生し､そちらが短距離の主流コースとなったため､レース数は減っている｡秋開催の古馬５００万クラス､春開催の３歳未勝利､夏のメイクデビューで数鞍行われている程度｡とにかくゲートの速さと二の脚の速さが命｡逃げ馬が圧倒的に強く､複勝率が８割もある｡３コーナーまでにハナを取りきれれば､そのまま押し切れる｡中団からの差しでは２着はあっても勝てない｡枠による有利･不利はない｡血統傾向はスクワートルスクワートやサウスヴィグラスなどのミスタープロスペクター系が中心｡　●クラス別水準ラップ(２Ｆ-３Ｆ)と勝ち時計　２歳ＯＰ特別･重賞(─)､３歳以上５００万(２３.１-３６.２=５９.３)､３歳以上１０００万(─)､３歳以上準ＯＰ･ＯＰ特別(─)､３歳以上重賞(─)",
"CS","2","20120228","03","1150","24","20041023","スタート地点は向正面の２コーナーの外側｡スタート地点は芝だが､フルゲートは１６頭取れる｡ちょうど中山のダート１２００ｍのような雰囲気で､斜めに走る芝とダートと境目を横切って本コースに入る｡３コーナーまでの距離は約４８０ｍで､途中緩やかな上り坂になっている｡３〜４コーナーはスパイラルカーブ｡最後の直線距離は２９５.７ｍ｡非常に中途半端な距離のため､ラップを分割して考えにくいが､短距離なので当然前傾ラップになる｡とにかくダッシュ力とスピードがなければ話にならない｡１０００ｍほどではないが､逃げ〜先行馬が圧倒的に有利｡逃げ馬の複勝率は５５％程度｡枠順は中山ダート１２００ｍ同様に､外枠が有利｡外から一気に加速して先手を取り､そのまま抑え込めるタイプが強い｡種牡馬成績はサクラバクシンオー､ボストンハーバー､ブライアンズタイムが上位｡ミスタープロスペクター系ではゴーンウエスト､スウェプトオーヴァーボードがよい｡フォーティナイナーは苦戦｡他系統だがクロフネとワイルドラッシュもひと息｡ヘイロー系のタイキシャトルとジョリーズヘイローは相性がいい｡　●クラス別水準ラップ(２.７５Ｆ-３Ｆ)と勝ち時計　２歳ＯＰ特別･重賞(─)､３歳以上５００万(３１.４-３７.４=１.０８.８)､３歳以上１０００万(３１.１-３７.２=１.０８.３)､３歳以上準ＯＰ･ＯＰ特別(─)､３歳以上重賞(─)",
"CS","2","20120228","03","1200","17","19860101","スタート地点は向正面直線の２コーナー奥にあるポケット｡３コーナーまでの距離は約４１２ｍ(Ａコース時)｡スタート直後､少し走ってから緩やかな上り坂になる｡３〜４コーナーはスパイラルカーブ｡コース全体の高低差は１.８ｍ｡残り４００ｍ付近から下り坂｡さらに最後の直線の残り約１５０ｍから再び上るというコース形態｡最後の直線距離はＡコース時が２９２ｍ､Ｂコース時が２９７.５ｍ､Ｃコース時が２９９.７ｍ｡前半３ハロンは確実に速く流れ､クラスを問わず３３秒台の時計が水準｡後半３ハロンは我慢比べとなり､クラスが上がるにつれて失速率が低く､全体に速い時計が必要となる｡テンのスピードとその持続力が大きなポイント｡ＡコースとＢコース時は逃げ〜先行馬の成績が良く､回収率も優秀｡Ｃコース時は逃げ馬の成績が下がり､その分差し馬の成績が良くなる｡枠順の有利･不利はその時の馬場状態に大きく左右される｡開幕週ならば内枠の逃げ〜先行馬が明らかに有利､開催が進み馬場の内側が悪くなれば外枠の逃げ〜先行馬と差し馬が有利という傾向が出てきやすい｡また､本コースとの相性･巧拙が非常に出る面もあり､過去に同コースで好走経験がある馬は注意したい｡種牡馬成績はサクラバクシンオー産駒の勝ち鞍が突出している｡以下はタイキシャトル､クロフネ､ファルブラヴ､ショウナンカンプとはっきりとしたスピードタイプが上位にくる｡意外なところではタニノギムレットが良い｡一方でパラダイスクリーク､アドマイヤコジーン､ムーンバラッド､スペシャルウィークといったところが苦手としている｡　●クラス別水準ラップ(３Ｆ-３Ｆ)と勝ち時計　２歳ＯＰ特別･重賞(３３.９-３５.４=１.０９.３)､３歳以上５００万(３３.９-３５.１=１.０９.０)､３歳以上１０００万(３３.４-３５.４=１.０８.８)､３歳以上準ＯＰ･ＯＰ特別(３３.３-３４.５=１.０７.８)､３歳以上重賞(─)",
"CS","2","20120228","03","1700","17","19860101","スタート地点は正面スタンド前｡ゴール前の上り坂の途中にゲートが置かれる｡１コーナーまでの距離は約２０５ｍ(Ａコース時)と短い｡１〜２コーナーはほぼ平坦｡向正面直線に入ると､間もなく緩い上り坂がある｡３〜４コーナーはスパイラルカーブ｡コース全体の高低差は１.８ｍ｡残り４００ｍ付近から下り坂｡さらに最後の直線の残り約１５０ｍから再び上るというコース形態｡最後の直線距離はＡコース時が２９２ｍ､Ｂコース時が２９７.５ｍ､Ｃコース時が２９９.７ｍ｡福島芝１７００ｍは通常古馬５００万クラスでのみ行われている｡１コーナーまでの距離が短いため､隊列がすぐに決まらないことがある｡中盤で少し落ち着き､３コーナーから各馬がスパートを開始｡後方にいた馬でも､マクリ気味に上がっていくことになり､最後は我慢比べ｡上がりの勝負にはなりにくく､一定したスピードを長く持続させる力が必要だ｡脚質は逃げ〜先行馬が有利｡勝ちパターンは好位抜け出しが多い｡枠は内〜中枠の好走が多く､外枠の馬は苦戦している｡種牡馬はスペシャルウィーク､ジャングルポケット､シンボリクリスエス､ホワイトマズル､メジロライアンなどが好相性｡ミスタープロスペクター系以外は問題ない｡　●クラス別水準ラップ(２.５Ｆ-３Ｆ-３Ｆ)と勝ち時計　２歳ＯＰ特別･重賞(─)､３歳以上５００万(２９.５-３６.６-３５.７=１.４１.８)､３歳以上１０００万(─)､３歳以上準ＯＰ･ＯＰ特別(─)､３歳以上重賞(─)",
"CS","2","20120228","03","1700","24","19860101","スタート地点はホームストレッチの右端｡４コーナーを曲がり終えてすぐのところ｡最初の１コーナーまでの距離は約３３８ｍ｡１〜２コーナーにダートコースの最低位部分を通過｡ダートコース全体の高低差は２.１ｍある｡向正面直線途中からは緩い上り坂｡３〜４コーナーはスパイラルカーブ｡最後の直線距離は２９５.７ｍ｡小回りのダート戦だけあって､先行争いは激しい｡２コーナーまで加速がつきながら隊列が動く形｡その後はややペースが落ち､一定のペースで推移｡全体的に淀みない流れとなり､ラスト３ハロンの時計はかかる｡持久力勝負になる｡水準タイムは各クラスで１.０秒ほどの差になっている｡逃げ〜先行馬が有利で､連対率はそれぞれ約３１％でほぼ互角｡差し馬の連対率は約８％と一気に下がる｡追い込み馬はもっと厳しく､連対率は約１％｡ただし､乱ペースになることも多く､マクり差しは決まりやすい｡マクりの連対率は約４０％もある｡種牡馬成績はブライアンズタイム､クロフネ､アグネスデジタル､ゴールドアリュール､シンボリクリスエスらが上位｡どんなタイプでも問題なく､系統による偏りが少ないことが特徴｡　●クラス別水準ラップ(２.５Ｆ-３Ｆ-３Ｆ)と勝ち時計　２歳ＯＰ特別･重賞(─)､３歳以上５００万(３０.４-３８.４-３７.８=１.４６.６)､３歳以上１０００万(３０.０-３７.４-３８.１=１.４５.５)､３歳以上準ＯＰ･ＯＰ特別(２９.７-３７.３-３７.６=１.４４.６)､３歳以上重賞(─)",
"CS","2","20170828","03","1800","17","19860101","スタート地点は正面スタンド前より少し右｡スタート後､若干の勾配を上り､最初の１コーナーまでの距離は約３０５ｍ(Ａコース時)｡１〜２コーナーはほぼ平坦｡向正面直線に入ると､間もなく緩い上り坂がある｡３〜４コーナーはスパイラルカーブ｡コース全体の高低差は１.８ｍ｡残り４００ｍ付近から下り坂｡さらに最後の直線の残り約１５０ｍから再び上るというコース形態｡最後の直線距離はＡコース時が２９２ｍ､Ｂコース時が２９７.５ｍ､Ｃコース時が２９９.７ｍ｡前半､中盤､後半の３ハロンの水準ラップはそれぞれ３５秒台半ばから後半になる｡実際にはレースによってペースの緩急がつくが､概ね平均ペースのイメージでとらえてよい｡３歳以上重賞より３歳以上準ＯＰ･ＯＰ特別の方が勝ち時計が速くなっているのは､対象レースと馬場状態の違いによるもの｡重賞は３歳限定のラジオＮＩＫＫＥＩ賞と牝馬限定の福島牝馬Ｓ｡どちらもそれほど速い時計は出ないレースだ｡全体的にはローカルのセオリー通り､逃げ〜先行馬の連対率が２５％前後で最も高い｡回収率も優秀｡人気がない馬でも粘り込むことがある｡Ｃコース→Ａコース→Ｂコースの順に逃げ馬の成績がよい｡枠順は内枠が若干有利で､特に逃げ〜先行馬が内枠を引いたら大きなアドバンテージになる｡種牡馬成績はジャングルポケット､マンハッタンカフェ､クロフネ､ステイゴールドが上位｡フサイチコンコルドやファルブラヴ､オペラハウスなどのノーザンダンサー系もいい｡ミスタープロスペクター系は苦戦傾向｡　●クラス別水準ラップ(３Ｆ-３Ｆ-３Ｆ)と勝ち時計　２歳ＯＰ特別･重賞(─)､３歳以上５００万(３５.５-３６.５-３５.７=１.４７.７)､３歳以上１０００万(３５.６-３５.８-３５.９=１.４７.３)､３歳以上準ＯＰ･ＯＰ特別(３５.４-３５.７-３５.５=１.４６.６)､３歳以上重賞(３５.１-３６.４-３５.６=１.４７.１)",
"CS","2","20120228","03","2000","17","19860101","スタート地点はホームストレッチの右端､４コーナーのポケット｡高低差はそれほどないが坂の頂上に位置し､スタンド前の直線は谷を下って上るような感じになる｡最初の１コーナーまでの距離は約５０５ｍ(Ａコース時)｡１〜２コーナーはほぼ平坦｡向正面直線に入ると､間もなく緩い上り坂がある｡３〜４コーナーはスパイラルカーブ｡コース全体の高低差は１.８ｍ｡残り４００ｍ付近から下り坂｡さらに最後の直線の残り約１５０ｍから再び上るというコース形態｡最後の直線距離はＡコース時が２９２ｍ､Ｂコース時が２９７.５ｍ､Ｃコース時が２９９.７ｍ｡スタート後､最初の１コーナーまでは十分距離はあるが､かなりペースが上がりやすい｡馬場が速い時の前半３ハロンは３３秒台後半から３４秒台前半になる｡４ハロン以降になるとペースは緩み､ゴールまで１２秒台前半の持続的なラップが続く｡全体的に平均ペース以上の流れだが､芝１８００ｍよりは瞬発力が要求される｡小回りなので当然器用さも求められる｡脚質傾向は開催前半のＡコース時は逃げ〜先行馬が圧倒的に有利｡開催が進んだ際に組まれるＢコースやＣコースになると逃げ馬の成績がガクンと落ち､先行〜差し馬が狙い目となる｡追い込み馬は常に苦しい｡マクれるタイプでないと厳しい｡枠順はほぼフラット｡種牡馬成績はダンスインザダーク､フジキセキ､マンハッタンカフェ､オペラハウスが上位｡芝１８００ｍで強かったジャングルポケットやステイゴールドは不振｡シンボリクリスエス､タニノギムレット､マヤノトップガンといったロベルト系はまずまず｡ミスタープロスペクター系ならばアフリートかキングカメハメハ｡　●クラス別水準ラップ(３Ｆ-４Ｆ-３Ｆ)と勝ち時計　２歳ＯＰ特別･重賞(─)､３歳以上５００万(３５.５-４９.７-３５.６=２.００.８)､３歳以上１０００万(３４.９-４９.２-３６.２=２.００.３)､３歳以上準ＯＰ･ＯＰ特別(３５.４-４８.７-３５.９=２.００.０)､３歳以上重賞(３５.４-４８.４-３５.９=１.５９.７)",
"CS","2","20120228","03","2400","24","19860101","スタート地点は向正面の真ん中よりやや左｡ゴール板から向正面を見てほぼ真っすぐの位置にあり､ダートコースをちょうど一周半することになる｡１〜２コーナーにダートコースの最低位部分を通過｡ダートコース全体の高低差は２.１ｍある｡向正面直線途中からは緩い上り坂｡３〜４コーナーはスパイラルカーブ｡最後の直線距離は２９５.７ｍ｡古馬５００万クラスの平場戦でのみ行われているマイナーな条件｡スタート直後はある程度流れて各馬ポジション取り｡前半の３ハロンが最も速くなる｡一旦､隊列が決まってしまえば､後はゆったり流れるケースがほとんど｡最後は各馬の脚が上がる消耗戦｡かなりのスタミナを要求される｡逃げ馬と先行馬の複勝率がそれぞれ約５０％｡好走馬の数では圧倒的に先行馬｡４コーナーで中団以降にいる馬では勝負にならない｡マクりも決まらないので､最初から好位を取ってレースを進める必要がある｡枠順はフラット｡種牡馬成績はブライアンズタイム､アフリート､ゴールドアリュール､クロフネ､シンボリクリスエスらが上位｡ダート１７００ｍと傾向は似ており､系統に偏りはあまり見られない｡　●クラス別水準ラップ(３Ｆ-３Ｆ-３Ｆ-３Ｆ)と勝ち時計　２歳ＯＰ特別･重賞(─)､３歳以上５００万(３７.９-４０.０-３９.４-３８.５=２.３５.８)､３歳以上１０００万(─)､３歳以上準ＯＰ･ＯＰ特別(─)､３歳以上重賞(─)",
"CS","2","20120228","03","2600","17","19860101","スタート地点は向正面の真ん中｡スタンドから見てちょうど正面付近｡そこから約１周半の長丁場で､コーナーを合計で６回通過する｡１〜２コーナーはほぼ平坦｡向正面直線に入ると､間もなく緩い上り坂がある｡３〜４コーナーはスパイラルカーブ｡コース全体の高低差は１.８ｍ｡残り４００ｍ付近から下り坂｡さらに最後の直線の残り約１５０ｍから再び上るというコース形態｡最後の直線距離はＡコース時が２９２ｍ､Ｂコース時が２９７.５ｍ､Ｃコース時が２９９.７ｍ｡福島芝コースの最長距離レースで､古馬１０００万クラスと古馬５００万クラスを中心にレースが行われている｡前半２ハロン目まではポジション取りのためにある程度速く流れる｡その後はペースが緩んで淡々とした流れ｡２周目の３コーナー手前から徐々にピッチが上がり､そこからは追い通し｡隊列も激しく動き､スタミナ比べになる｡他場のローカルの芝長距離同様､独特の適性が要求される｡福島を中心としたローカルの実績があれば､近走中央場所で負けていても巻き返せる｡頭数が揃いにくい条件のため､枠順はほぼフラット｡脚質的には逃げ〜先行馬が有利だが､差し馬も早めに動けば出番がある｡一気にマクって､そのまま抑え込むケースなどもある｡種牡馬成績はマンハッタンカフェ､マヤノトップガン､ステイゴールド､クロフネ､ジャングルポケットが優秀｡ダンスインザダークはひと息｡福島芝２０００ｍではなく福島芝１８００ｍの血統傾向に近い｡　●クラス別水準ラップ(３Ｆ-４Ｆ-３Ｆ-３Ｆ)と勝ち時計　２歳ＯＰ特別･重賞(─)､３歳以上５００万(３７.３-５０.５-３７.２-３５.８=２.４０.８)､３歳以上１０００万(３６.７-４９.９-３６.８-３６.１=２.３９.５)､３歳以上準ＯＰ･ＯＰ特別(─)､３歳以上重賞(─)",
"CS","2","20120228","04","1000","10","20010714","日本で唯一となる一直線のコース｡スタート地点はホームストレッチの一番左端｡スタート直後から高低差約１ｍの上り坂になっており､２００ｍ強進んだところで下り坂｡その後､もう一回緩い上り下りが入り､ラスト３００ｍぐらいからようやく平坦でゴールまで続く｡このコースの最大の特徴と言えば､外枠が非常に有利であること｡特に開催が進み､内回りと外回りを共有する部分の芝に入った場合は､絶対に外の方が芝状態が良好｡したがって､枠なりに真っすぐ走れば最短の距離でゴールすることができる外枠が有利というわけだ｡その他の枠の馬でも､スタート後に外へ外へ進路を取るため､馬群がスタンド前のラチ沿いに押し寄せてくる｡フルゲートはＡコース時が１８頭､Ｂコース時が１６頭｡基本的に最初の１Ｆとラスト１Ｆが１１秒台のラップを刻み､２〜４Ｆは１０秒台のラップで推移する｡最後は平坦だが､ラスト１ハロンの時計がかかる｡脚質的には逃げ､先行馬の好走が最も多いが､差し馬も十分対応可能｡わずか１０００ｍの勝負といっても､全部トップスピードでは走れないので､しっかりした末脚を持つ馬は逆に有利｡他場の１２００ｍとは少し趣が異なり､小回りコースが苦手なタイプの馬が浮上してくる｡種牡馬成績はサクラバクシンオーがトップ｡続いて注目なのがミスタープロスペクター系｡スウェプトオーヴァーボード､スキャン､アフリート､スピードワールド､コロナドズクエストなどが回収率が高い｡ヘイロー系ならばマンハッタンカフェ､フジキセキ､タイキシャトル｡芝･ダート兼用血統が強く､実際にダートから転戦してきた逃げ､先行馬が穴をあけるケースが目立つ｡　●クラス別水準ラップ(２Ｆ-３Ｆ)と勝ち時計　２歳ＯＰ特別･重賞(─)､３歳以上５００万(２２.０-３３.２=５５.２)､３歳以上１０００万(２２.０-３３.１=５５.１)､３歳以上準ＯＰ･ＯＰ特別(２２.１-３２.８=５４.９)､３歳以上重賞(２１.６-３２.５=５４.１)",
"CS","2","20120228","04","1200","11","20010714","スタート地点は向正面の直線の入り口｡内回りコースを使用で､３コーナーまでの直線距離は約４４８ｍ(Ａコース時)｡３〜４コーナーはスパイラルカーブで緩やかな下り坂｡仮柵によるコース設定はＡ､Ｂの２パターンで､最後の直線距離はともに３５９ｍ｡ＢコースはＡコースより４ｍ幅員が狭くなっている｡現在､新潟の芝短距離の上級レースは１０００ｍが中心になっており､１２００ｍは１０００万クラス以下を中心に行われている｡内回りコースは起伏が少なく､最後の直線距離もローカル競馬場の芝１２００ｍの中で最長となっているため､スピードが出やすい｡確実な前傾ラップとなるが､逃げ〜先行馬が有利｡特にＡコースでは逃げ馬が強い｡相当ハイペースになれば差し､追い込み馬が台頭してくるが､平均からやや速めの流れの場合はあまり意識しなくてもいい｡スタートと二の脚が速くて先行し､スピードの持続力で押し切れるタイプに向くコース｡枠順は多頭数の大外が不利｡種牡馬成績はサクラバクシンオー､クロフネ､ダンスインザダーク､キングヘイロー､ボストンハーバー､タイキシャトルらが接戦で上位｡キングカメハメハ､フサイチコンコルド､トウカイテイオー､ムーンバラッドなどの中距離血統は苦戦している｡　●クラス別水準ラップ(３Ｆ-３Ｆ)と勝ち時計　２歳ＯＰ特別･重賞(─)､３歳以上５００万(３３.８-３５.４=１.０９.２)､３歳以上１０００万(３４.０-３４.７=１.０８.７)､３歳以上準ＯＰ･ＯＰ特別(─)､３歳以上重賞(─)",
"CS","2","20120723","04","1200","23","20010714","スタート地点は２コーナーのポケット｡中央４場以外でダート１２００ｍを組める唯一の場所だが､実際には芝コースが発走地点｡中山ダート１２００ｍ同様､内と外では芝を走る距離が異なり､外へ行くほど芝部分が長くなる｡３コーナーまでの距離は約５２５ｍ｡３〜４コーナーはスパイラルカーブでほぼ平坦｡新潟ダートコースは高低差が０.５ｍと､ＪＲＡ全１０場のダートの中で最も高低差が少ない｡ただし､競馬場全体が横に長いため､コーナー角度はきつい｡最後の直線距離は３５４ｍ｡前半６００ｍはクラスを問わず３４秒前半が水準タイム｡前述したように新潟はコーナー角度きついため､スパイラルカーブでも減速せざるを得ない｡後半６００ｍの速さがクラスの差であることは明らか｡水準タイムはクラスによってやや差が出ている｡基本的に逃げ･先行馬が有利｡最後の直線が長い点は差し馬に有利に働いているが､実際に差し切るには相当な力が必要｡枠順はフラット｡芝スタートだが､中山ダート１２００ｍのように､単純に外枠有利ではない｡スタートダッシュが決まるかの方が大事｡種牡馬成績はアフリート､タイキシャトル､サクラバクシンオー､フレンチデピュティ､ブライアンズタイムが上位｡以下､コロナドズクエスト､フォーティナイナーなどミスタープロスペクター系全般が好走馬を量産している｡　●クラス別水準ラップ(３Ｆ-３Ｆ)と勝ち時計　２歳ＯＰ特別･重賞(─)､３歳以上５００万(３４.１-３７.７=１.１１.８)､３歳以上１０００万(３４.２-３７.０=１.１１.２)､３歳以上準ＯＰ･ＯＰ特別(３４.１-３６.１=１.１０.２)､３歳以上重賞(─)",
"CS","2","20170828","04","1400","11","20010714","スタート地点は向正面直線の右奥の２コーナーポケット｡芝１２００ｍからそのまま２００ｍ延長したコース｡芝１４００ｍは外回りコースも取れるが､通常は内回りコースが使用される｡３コーナーまでの直線は約６４８ｍ(Ａコース時)｡外回りの芝１６００ｍよりも長いバックストレッチを走ることになる｡３〜４コーナーはスパイラルカーブで緩やかな下り坂｡仮柵によるコース設定はＡ､Ｂの２パターンで､最後の直線距離はともに３５９ｍ｡ＢコースはＡコースより４ｍ幅員が狭くなっている｡前半６００ｍは丸々直線のみを走ることになるが､各クラスの水準時計が示す通り､後半６００ｍより速い前傾ラップとなっている｡前半が速すぎると､ラスト１ハロンの時計がかかる｡そうでない場合は残り１０００ｍから１１秒台のラップが平均してゴールまで続くイメージ｡脚質的には芝１２００ｍ同様逃げ･先行馬が有利｡好走馬の数では先行と差しが多いが､勝率や連対率､回収率などあらゆる面で逃げ馬がトップにある｡特にＡコース時は強い｡馬場状態にもよるが､前半６００ｍが３３秒台で流れても差し→差しで決まるケースは少なく､差し馬が好走しても前が総崩れになることは珍しい｡追い込み馬は苦しい｡枠順はフラット｡種牡馬成績はここでもサクラバクシンオーがトップ｡以下フジキセキ､アグネスタキオン､ダンスインザダーク､マーベラスサンデーとヘイロー系が上位｡その他ではキングカメハメハ､タニノギムレット､スウェプトオーヴァーボードがいい｡キングヘイローとネオユニヴァースは不振｡　●クラス別水準ラップ(３Ｆ-１Ｆ-３Ｆ)と勝ち時計　２歳ＯＰ特別･重賞(３４.７-１２.１-３５.６=１.２２.４)､３歳以上５００万(３４.１-１１.８-３５.７=１.２１.６)､３歳以上１０００万(３４.２-１１.９-３５.２=１.２１.３)､３歳以上準ＯＰ･ＯＰ特別(３３.８-１１.６-３５.４=１.２０.８)､３歳以上重賞(─)",
"CS","2","20120228","04","1600","12","20010714","スタート地点は向正面直線の真ん中よりやや右｡３コーナーまでの直線は約５５０ｍ(Ａコース時)｡バックストレッチの内回りと外回りの分岐点を過ぎたところから､約２ｍの坂を上る｡３〜４コーナーはスパイラルカーブで､やや急な下り坂｡仮柵によるコース設定はＡ､Ｂの２パターンで､最後の直線距離はともに６５９ｍ｡この部分はほぼ平坦だが､距離は日本最長を誇る｡前半は平均ペースで３〜４コーナーのカーブでペースダウン､後半瞬発力勝負というのがおおまかな流れ｡よって､すべてのクラスの水準ラップで前半３ハロンより後半３ハロンの方が速くなっている｡全体の時計も速く､関屋記念では１分３２秒半ばが水準時計｡新潟２歳Ｓでも１分３４秒台の時計が出る｡仕掛けのタイミングは最後の直線に入ってからでも十分に間に合うため､逃げにとっては厳しいコース｡要は最後の６００〜８００ｍでどれだけ速い上がりを使うことができるかがポイントだ｡Ａコースでは先行〜差しが互角｡Ｂコースでは差し馬が圧倒的に優勢｡枠順ほぼフラット｡種牡馬成績はアグネスタキオン､フジキセキ､タニノギムレット､サクラバクシンオー､キングカメハメハ､ジャングルポケットらが上位｡全体的にはヘイルトゥリーズン系が強い｡アグネスデジタル､マイネルラヴは苦戦｡　●クラス別水準ラップ(３Ｆ-２Ｆ-３Ｆ)と勝ち時計　２歳ＯＰ特別･重賞(３５.６-２４.７-３４.０=１.３４.３)､３歳以上５００万(３５.５-２４.１-３４.４=１.３４.０)､３歳以上１０００万(３５.２-２３.９-３４.２=１.３３.３)､３歳以上準ＯＰ･ＯＰ特別(３５.１-２３.４-３４.５=１.３３.０)､３歳以上重賞(３５.６-２３.４-３３.５=１.３２.５)",
"CS","2","20120228","04","1800","12","20010714","スタート地点は向正面直線の入り口｡内回りコース使用の芝１２００ｍと同じ位置になる｡外回りコース使用で､３コーナーまでの距離は７４８ｍ(Ａコース時)｡３〜４コーナーはスパイラルカーブで､やや急な下り坂｡仮柵によるコース設定はＡ､Ｂの２パターンで､最後の直線距離はともに６５９ｍ｡この部分はほぼ平坦だが､距離は日本最長を誇る｡近年は１０００万クラス以下で組まれているコース｡１６００万クラス以上のタイムは参考程度に考えていただきたい｡各クラスの水準ラップでは中盤の３ハロンが遅くなっている｡ここは３〜４コーナーのカーブが含まれる部分であり､直線部分よりもスピードが落ちるのは仕方がない｡ただ､大半のレースが同じようなラップを踏むかと言うとそうではない｡大まかに分けると超スローペースか平均ペースのどちらか｡スタートからバックストレッチまでのペースが全然上がらず､極端に上がりが速くなることがある｡逃げ馬には厳しい舞台｡差し馬の好走が多くなっている｡枠順はほぼフラット｡以前は外枠が強い印象だったが､近年はそうでもなくなってきた｡種牡馬成績はキングカメハメハ､ダンスインザダーク､オペラハウス､アグネスタキオンらが上位｡フレンチデピュティはいいが､クロフネは苦戦している｡また､ステイゴールド､スペシャルウィークも好走率が悪い｡　●クラス別水準ラップ(３Ｆ-３Ｆ-３Ｆ)と勝ち時計　２歳ＯＰ特別･重賞(─)､３歳以上５００万(３５.４-３７.１-３４.４=１.４６.９)､３歳以上１０００万(３６.２-３６.７-３３.８=１.４６.７)､３歳以上準ＯＰ･ＯＰ特別(３５.６-３６.２-３４.３=１.４６.１)､３歳以上重賞(３４.８-３６.１-３４.３=１.４５.２)",
"CS","2","20120723","04","1800","23","20010714","スタート地点はスタンド前直線の４コーナー寄り｡最初の１コーナーまでの距離は約３８９ｍで平坦｡１〜２コーナー途中から２コーナー過ぎまで緩い上り坂｡向正面はほぼ平坦｡３〜４コーナーはスパイラルカーブでほぼ平坦｡新潟ダートコースは高低差が０.５ｍと､ＪＲＡ全１０場のダートの中で最も高低差が少ない｡ただし､競馬場全体が横に長いため､コーナー角度はきつい｡最後の直線距離は３５４ｍ｡フルゲートは１５頭｡一般的には序盤は各馬がポジションを取りに行くため速く流れて､中盤で落ち着くという展開だが､メンバー構成にかなり左右されやすい｡３歳以上重賞の水準ラップは１０年のエルムＳのみのデータで､同レースは中盤でかなり緩み､上がりの競馬になった｡少ないケースではあるが､スローペースになると､コーナー角度がきつい影響もあり､外々を回らされる馬や後方待機の馬は非常に厳しくなる｡逆に言えば逃げ馬､４コーナーを先頭で回った馬がそのまま上がりをまとめて好走する確率が高くなる｡一方､平均ペース以上で流れても後ろから行く馬が有利ということはない｡脚質的にはやはり逃げ･先行馬が有利｡道悪になるとその傾向が増し､前々で競馬ができる馬でないと勝負にならない｡良馬場･稍重での逃げ馬の連対率は３５％前後だが､重馬場以上になると約４５％までアップする｡枠順は多頭数の１４番､１５番ゲート以外はほぼフラット｡フルゲートの大外は距離ロスを強いられるのでやや厳しい｡種牡馬成績はシンボリクリスエスがトップ｡以下､ネオユニヴァース､クロフネ､マーベラスサンデー､ブライアンズタイム､キングカメハメハらが続く｡勝率や連対率ではヘイロー系とミスタープロスペクター系がほぼ互角だが､１８００ｍではヘイロー系の方が強くなる｡　●クラス別水準ラップ(３Ｆ-３Ｆ-３Ｆ)と勝ち時計　２歳ＯＰ特別･重賞(─)､３歳以上５００万(３６.６-３８.１-３８.５=１.５３.２)､３歳以上１０００万(３６.０-３８.２-３８.１=１.５２.３)､３歳以上準ＯＰ･ＯＰ特別(３５.８-３７.８-３７.５=１.５１.１)､３歳以上重賞(３６.０-３９.１-３６.０=１.５１.１)",
"CS","2","20120228","04","2000","11","20010714","スタート地点はスタンド前直線の外回りコースと内回りコースの合流地点｡厳密に言うと､内回りコースの４コーナー出口｡最初の１コーナーまでの距離は約４３６ｍ(Ａコース時)｡１〜２コーナーは緩やかな上り｡向正面に入り､内回りコースを使用｡３〜４コーナーはスパイラルカーブで緩やかな下り坂｡仮柵によるコース設定はＡ､Ｂの２パターンで､最後の直線距離はともに３５９ｍ｡ＢコースはＡコースより４ｍ幅員が狭くなっている｡内回りの芝２０００ｍはマイナー条件で､通常は３歳未勝利戦でしか行われていない｡３歳未勝利クラスの水準ラップ(３Ｆ-４Ｆ-３Ｆ)と勝ち時計(良馬場)は､３５.８-５０.４-３６.２=２.０２.４｡１コーナーまでの距離は十分あるが､主導権争いで序盤のペースはやや厳しくなることがある｡上のクラスのレースだとそのまま平均的に流れるはずだが､そこは未勝利戦｡１〜２コーナーの中間から向正面ではきっちりペースが緩んで､ひと息入ることになる｡３〜４コーナーではマクリ気味に動く馬が出てきたりと､上がり３ハロンは激しい攻防｡競走馬のレベル関係もあり､上がりはやや時計がかかる｡脚質的には逃げ､先行馬はほぼ互角｡Ｂコース時はやや逃げ馬の成績がいい｡コーナーが４回なのである程度先行できる馬の方が安心できる｡追い込みだけは厳しい｡枠順は案外フラット｡種牡馬成績はマンハッタンカフェ､ステイゴールド､ジャングルポケット､マーベラスサンデーらが上位でヘイロー系全般が強い｡ただし､ダンスインザダークはひと息｡　●クラス別水準ラップ(３Ｆ-４Ｆ-３Ｆ)と勝ち時計　２歳ＯＰ特別･重賞(─)､３歳以上５００万(─)､３歳以上１０００万(─)､３歳以上準ＯＰ･ＯＰ特別(─)､３歳以上重賞(─)",
"CS","2","20120228","04","2000","12","20010714","スタート地点は向正面直線の右奥の２コーナーポケット｡内回りの芝１４００ｍと同じ地点｡２０００ｍでコーナーが２回のコースは､日本ではここだけ｡新潟競馬場の目玉コースの一つだ｡最初の３コーナーまでの距離は９４８ｍ(Ａコース時)にも及ぶ｡３〜４コーナーはスパイラルカーブで､やや急な下り坂｡仮柵によるコース設定はＡ､Ｂの２パターンで､最後の直線距離はともに６５９ｍ｡この部分はほぼ平坦だが､距離は日本最長を誇る｡序盤は平均ペースで､３〜４コーナーでペースが緩み､最後の直線で上がり勝負というのが基本｡新潟芝１８００ｍと同じような流れだ｡ペースは平均からスロー｡ハイペースになることはほとんどなく､上がりの勝負になる｡直線に入ってからの決め手の有無が最も重要だ｡また､時計が出やすく､１１秒台のラップが多く刻まれるため､持ち時計も必要になってくる｡逃げ切りは芝１８００ｍ以上に困難｡先行して押し切るのも簡単ではない｡Ａコースでは前に行った馬でもそこそこ頑張れるが､Ｂコースでは先行馬は２着が多くなり､差し馬･追い込み馬がきやすくなっている｡開催が進んで内の馬場が悪くなると､外ラチに近いところからの大外一気も見られる｡重賞の新潟記念と新潟大賞典ともに､差し･追い込み馬の活躍が多くなっている｡枠順は１枠があまりよくない｡中枠がベスト｡開催が進めば外枠でもＯＫ｡種牡馬成績は芝１８００ｍで悪かったスペシャルウィークとステイゴールドがここではいい｡あとはダンスインザダーク､グラスワンダー､アグネスタキオン､シンボリクリスエスなどで､ヘイルトゥリーズン系が強い｡ジャングルポケット､エルコンドルパサーはひと息｡　●クラス別水準ラップ(３Ｆ-４Ｆ-３Ｆ)と勝ち時計　２歳ＯＰ特別･重賞(─)､３歳以上５００万(３６.６-４９.６-３４.３=２.００.５)､３歳以上１０００万(３５.７-４８.７-３４.６=１.５９.０)､３歳以上準ＯＰ･ＯＰ特別(３５.８-４８.７-３４.２=１.５８.７)､３歳以上重賞(３５.６-４８.４-３４.１=１.５８.１)",
"CS","2","20130107","04","2200","11","20010714","スタート地点はスタンド前の直線｡外回りコースの４コーナーと内回りコースの合流地点の間｡最初の１コーナーまでの距離は約６３６ｍ(Ａコース時)｡１〜２コーナーは緩やかな上り｡向正面に入り､内回りコースを使用｡３〜４コーナーはスパイラルカーブで緩やかな下り坂｡仮柵によるコース設定はＡ､Ｂの２パターンで､最後の直線距離はともに３５９ｍ｡ＢコースはＡコースより４ｍ幅員が狭くなっている｡スタート直後は先行争いがあり､ある程度ペースは流れる｡１コーナーを過ぎるとペースが落ち着き､向正面では完全に緩む｡１６００万クラスになると平均的に流れるようになるが､途中１３秒台のラップを刻むことがある｡３〜４コーナーの中間からからペースが上がり､ゴールまで追い比べ｡たが､外回りコースで要求されるような鋭い決め手は必要ではなく､ロングスパートからねじ伏せる力が必要｡脚質的には逃げ馬も悪くないが､先行馬が最も信頼できる｡差しも届くが､勝ち切るのは大変で､２､３着が多くなる｡穴も期待薄で強い馬のみをマークしていればいい｡追い込みは展開が嵌らないと厳しい｡マクリ切るのも容易ではなく､直線入り口で好位を取ることが非常に大事｡枠順はほぼフラット｡種牡馬成績はジャングルポケット､ダンスインザダーク､オペラハウス､アドマイヤベガらが上位｡アグネスタキオン､マンハッタンカフェ､ホワイトマズルは不振｡　●クラス別水準ラップ(３Ｆ-４Ｆ-３Ｆ)と勝ち時計　２歳ＯＰ特別･重賞(─)､３歳以上５００万(３５.６-６２.９-３６.０=２.１４.５)､３歳以上１０００万(３５.９-６２.９-３５.０=２.１３.８)､３歳以上準ＯＰ･ＯＰ特別(３５.９-６２.６-３４.８=２.１３.３)､３歳以上重賞(─)",
"CS","2","20120228","04","2400","11","20010714","スタート地点は外回りコースの４コーナーのポケット｡芝１０００ｍのコースから本線に合流する手前あたり｡芝２２００ｍのスタート地点から左に２００ｍ伸びたところにあり､内回りコースが利用される｡最初の１コーナーまでの距離は８３６ｍ(Ａコース時)｡３〜４コーナーはスパイラルカーブで緩やかな下り坂｡仮柵によるコース設定はＡ､Ｂの２パターンで､最後の直線距離はともに３５９ｍ｡ＢコースはＡコースより４ｍ幅員が狭くなっている｡新潟芝コースは３０００ｍと３２００ｍも施行することができるが､現在組まれている番組の中では､この２４００ｍが最長距離｡クラシックディスタンスではあるが､ローカル競馬場の２４００ｍ以上の距離はマイナー条件｡本コースも通常､３歳未勝利戦と(３歳以上の馬による)５００万クラスのレースがほとんど｡古馬１０００万クラスの水準ラップと時計も記載してあるが､わずか１レースの結果｡そのため５００万クラスの時計よりも遅くなっているので､注意していただきたい｡最初の１コーナーまでの距離は長いが､ペースは遅くなったり､速くなったりとさまざま｡速い先行馬がいると前半３ハロンが３４秒台で入ることもある｡１〜２コーナーを回り､向正面に入るとペースは落ち着く｡内回り使用のため､３コーナー過ぎから徐々にペースアップという流れ｡内回りコース使用なので上がりはさほど速くはならない｡逃げ切りは難しく､少し控えた先行策が有利｡連対率は逃げと先行でほぼ互角だが､先行馬の方が勝ちやすいし､３着以内に残りやすい｡差し馬はハイペースに乗じてのものでなく､スローペースで隊列がひと塊りになった時の方が届く｡直線一気の追い込みは困難で､マクれないと厳しい｡枠順の有利･不利はあまりない｡外枠でも問題ない｡種牡馬成績はダンスインザダーク､オペラハウス､チーフベアハート､マンハッタンカフェ､ジャングルポケットなどが上位｡系統を問わず中長距離で実績がある血統がいい｡ただ､芝２２００ｍに続きここでもホワイトマズルはよくない｡　●クラス別水準ラップ(３Ｆ-６Ｆ-３Ｆ)と勝ち時計　２歳ＯＰ特別･重賞(─)､３歳以上５００万(３５.２-７６.３-３６.０=２.２７.５)､３歳以上１０００万(３６.５-７６.４-３５.３=２.２８.２)､３歳以上準ＯＰ･ＯＰ特別(─)､３歳以上重賞(─)",
"CS","1","20190509","04","2500","23","20010714","スタート地点は向正面直線の２コーナー寄り｡内馬場を挟んだほぼ反対側の位置にゴール板があり､ダートコースを約１周半回ることになる｡最初の３コーナーまでの距離は約３５０ｍ｡その間はほぼ平坦コースとなっている｡３〜４コーナーはスパイラルカーブで､ほぼ平坦｡対して､１〜２コーナー途中から２コーナー過ぎまでは緩い上り坂になっている｡最後の直線距離は３５４ｍで､平坦となっている｡新潟ダートコースは高低差が０.５ｍと､ＪＲＡ全１０場のダートの中で最も高低差が少ない｡ただし､競馬場全体が横に長いため､コーナー角度はきつい｡フルゲートは１５頭｡２０１１年の１０月に初めてこのコースが使われた｡現在の競馬場となったのが２００１年夏からなので､新装後１０年経ってから始まった条件だ｡しかし､その後毎年番組が組まれているわけではなく､あったとしても１年間に３レースあるかどうか｡５００万クラスの平場戦が中心で､マイナーな条件であることには変わりがない｡ダートにおける２５００ｍは非常に長い距離にあたるレースで､かなりのスタミナと持久力が問われる｡１６００ｍや１７００ｍでの成績はあまり関係なく､１８００ｍで成績が芳しくなかった馬が一変してくるケースがある｡実績を見る場合は､２１００ｍ以上のレースを重視した方がいいだろう｡ダート戦なので先行力は大きな武器｡ただ､単純に前に行くだけで残れるほど甘くはない｡終いにしっかりといい脚が使えないと厳しい｡上がり３ハロンが１位の馬が好走してくるケースが非常に高い｡枠順の有利･不利はあまり考えなくていいだろう｡",
"CS","2","20120228","05","1300","23","20030426","１３００ｍというのは特殊な距離｡ＪＲＡの中で､東京ダート１３００ｍしかない｡スタート地点は向正面半ば付近｡３コーナーまでの距離は約３４０ｍあり､芝同様にスタート後間もなく緩やかな上り坂が待ち構えている｡３〜４コーナーはほぼ平坦｡最後の直線距離は５０１.６ｍで､日本のダートコースで最長距離を誇る｡途中､緩やかな上り坂があるのも特徴だ｡フルゲートは１６頭｡１０００万クラス以下を中心に行われているコース｡テンから飛ばしてなだれ込む競馬になりやすく､１４００ｍに強い馬よりも１２００ｍ以下で力を発揮するスプリンターに向くコース設定だ｡先手を奪える馬が圧倒的に強く､一般的なダート短距離戦と同じような考えでいい｡最後の直線は長いが､差しがズバズバ決まることはない｡ただし､逃げたい馬が揃うレースなので､何が逃げるかを読み切るのは容易でない｡枠順傾向は基本的に内目の枠が強いが､大外も案外いい｡種牡馬はヴァイスリージェント系のクロフネとフレンチデピュティの勝ち鞍が目立つが､連対率はそうでもない｡トワイニング､スキャン､スウェプトオーヴァーボードなどミスタープロスペクターの方が連対率･回収率で高い種牡馬が多い｡リファール系のホワイトマズル､キングヘイローもいい｡サクラバクシンオーは平凡｡　●クラス別水準ラップ(２.５Ｆ-１Ｆ-３Ｆ)と勝ち時計　２歳ＯＰ特別･重賞(─)､３歳以上５００万(２９.６-１２.３-３６.７=１.１８.６)､３歳以上１０００万(２９.６-１２.０-３６.４=１.１８.０)､３歳以上準ＯＰ･ＯＰ特別(─)､３歳以上重賞(─)",
"CS","2","20120228","05","1400","11","20030426","スタート地点は向正面直線の真ん中付近｡スタート直後の３コーナー手前で緩やかな昇り坂があり､３〜４コーナーにかけては下り坂になっている｡最後の直線に入ると､途中からなだらかな上り坂(高低差２.１ｍ)｡東京競馬場全体の高低差は２.７ｍある｡最後の直線距離は５２５.９ｍで､新潟の外回りコースに次ぐ長さ｡仮柵によるコース設定はＡ､Ｂ､Ｃ､Ｄの４パターン｡３ｍごとに幅員が異なる｡例年､Ｄコースは１〜２月に使用され､芝内側部分を保護している｡各クラスで前半３ハロンより､後半３ハロンが速いのが特徴｡コース形態上､京都や阪神の芝１４００ｍよりもペースが落ち着きやすい｡瞬発力勝負になり､上がりの速さが問われることになる｡したがって､スプリンターのスピードよりも､マイラーの切れが武器になる｡ただし､馬場状態にもよる｡近年は外から差しにくい馬場になることが多い｡また､Ａコース､Ｂコースでは逃げ･先行･差し馬の成績はほぼ互角だが､ＣコースとＤコースは逃げ･先行馬の好走が目立つ｡スタートして間もなくカーブがあるため､内枠はやや有利｡種牡馬成績はサクラバクシンオーが筆頭｡続くのがタイキシャトル､シンボリクリスエス､マイネルラヴ､クロフネら｡速い上がりは必要でもヘイロー系は優勢ではない｡ダンスインザダーク､スペシャルウィーク､ネオユニヴァース､ゴールドアリュールらはひと息｡　●クラス別水準ラップ(３Ｆ-１Ｆ-３Ｆ)と勝ち時計　２歳ＯＰ特別･重賞(３５.３-１２.２-３４.２=１.２１.７)､３歳以上５００万(３５.６-１２.２-３４.５=１.２２.３)､３歳以上１０００万(３５.３-１１.９-３４.５=１.２１.７)､３歳以上準ＯＰ･ＯＰ特別(３５.０-１１.８-３４.３=１.２１.１)､３歳以上重賞(３４.８-１１.４-３４.２=１.２０.４)",
"CS","2","20160721","05","1400","23","20030426","ＪＲＡでダート１４００ｍが組まれているのは､東京､中京､京都､阪神の４場あるが､純粋にダートコースを１４００ｍ走り切るのは当コースだけ｡他は芝スタートとなっているからだ｡当コースのスタート地点は向正面直線の右寄り｡１３００ｍのスタート地点からそのまま１００ｍ下がる｡３コーナーまでの距離は約４４０ｍ｡しばらく進んだところで緩やかな上り坂が待ち構えている｡３〜４コーナーはほぼ平坦｡最後の直線距離は５０１.６ｍで､日本のダートコースで最長距離を誇る｡途中､緩やかな上り坂があるのも特徴だ｡前半３ハロンの水準時計は３歳以上の５００万クラスからＯＰ特別までほぼ五分｡序盤からペースは上がりやすい｡しかし､前半の主導権争いでひるんでいては勝負にならない｡基本的には逃げ･先行が強いので､下級条件では先行力が一番のポイントとなる｡重賞･根岸Ｓではさらにペースが上がるため､差し馬の好走が多くなってくる｡が､その場合でも馬群の大外を回わらされる馬は厳しい｡中団の馬群の中で脚を溜め､できるだけ距離ロスを防いでいるシーンが多いはずだ｡枠順はフラット｡種牡馬成績はクロフネ､アフリート､フォーティナイナーが勝ち鞍を量産しているものの､回収率は低い｡アグネスデジタル､サウスヴィグラス､Ｇｒａｎｄ　Ｓｌａｍ､ワイルドラッシュが好走率･回収率ともに高い｡サクラバクシンオー､ブライアンズタイムはやや活力が失われている印象｡　●クラス別水準ラップ(３Ｆ-１Ｆ-３Ｆ)と勝ち時計　２歳ＯＰ特別･重賞(─)､３歳以上５００万(３５.６-１２.４-３７.３=１.２５.３)､３歳以上１０００万(３５.４-１２.３-３６.９=１.２４.６)､３歳以上準ＯＰ･ＯＰ特別(３５.６-１２.１-３６.３=１.２４.０)､３歳以上重賞(３４.６-１２.２-３６.７=１.２３.５)",
"CS","2","20120228","05","1600","11","20030426","スタート地点は向正面直線の右奥｡最初の３コーナーまでの直線距離は約５４２ｍ(Ａコース時)｡３コーナー手前にさしかかるところで緩い上り坂｡３〜４コーナーにかけては下り坂になっている｡最後の直線に入ると､途中からなだらかな上り坂(高低差２.１ｍ)｡東京競馬場全体の高低差は２.７ｍある｡最後の直線距離は５２５.９ｍで､新潟の外回りコースに次ぐ長さ｡仮柵によるコース設定はＡ､Ｂ､Ｃ､Ｄの４パターン｡３ｍごとに幅員が異なる｡例年､Ｄコースは１〜２月に使用され､芝内側部分を保護している｡上がり３ハロンの水準は各クラス３４秒台で差があまりない｡その代わり前半３ハロンと中盤の厳しさの差が､クラスの差になり､走破時計に影響を及ぼす｡特に３歳以上重賞は安田記念､ＮＨＫマイルＣ､ヴィクトリアマイルとＧ１が多く組まれているため､速い時計が出やすい｡スタートからゴールまで高いレベルのスピードと末脚の持続力が必要になる｡クラスが下がると中盤までのペースが緩みがちになるので､前に行った馬が残りやすくなる｡当然､馬場状態にもよるがＢコースでの逃げ馬の活躍が目立つ｡枠順はほぼフラット｡多頭数の８枠のみ少し成績が悪い｡種牡馬成績はキングカメハメハに注目｡自身の現役時代同様､ストライドが大きな産駒が多く､この舞台で非常に持ち味が生きる｡あとはスペシャルウィーク､シンボリクリスエス､タニノギムレット､キングヘイローらが上位｡アドマイヤベガ､グラスワンダーは不振｡　●クラス別水準ラップ(３Ｆ-２Ｆ-３Ｆ)と勝ち時計　２歳ＯＰ特別･重賞(３６.０-２４.８-３４.６=１.３５.４)､３歳以上５００万(３５.４-２４.３-３４.８=１.３４.５)､３歳以上１０００万(３５.７-２３.９-３４.４=１.３４.０)､３歳以上準ＯＰ･ＯＰ特別(３５.４-２３.７-３４.３=１.３３.４)､３歳以上重賞(３４.２-２３.４-３４.９=１.３２.５)",
"CS","2","20120228","05","1600","23","20030426","東京ダート１６００ｍは､東京芝２０００ｍと同様に癖があるコース設定｡Ｇ１･フェブラリーＳが行われるコースでありながら芝スタートであり､なおかつ内と外では芝を走る距離が異なる｡スタート地点は２コーナーの奥｡内枠発走でも約１５０ｍ芝を走ることになり､外はそれよりも約３０ｍ芝部分が長い｡よって､一般的には外枠の方が有利と言われる｡しかし､芝部分のダッシュそのものが苦手な馬にとってはどの枠でも厳しい｡３コーナーまでの距離は約６４０ｍ｡３〜４コーナーはほぼ平坦｡最後の直線距離は５０１.６ｍで､日本のダートコースで最長距離を誇る｡途中､緩やかな上り坂があるのも特徴だ｡最初の３コーナーまでかなり距離はあるが､スローペースになることは少ない｡平均ペースで進むか､序盤から飛ばす流れ｡前半３ハロンの水準時計はクラスを問わず３５秒０前後になっている｡よって､クラスの差が分かれるポイントは中･終盤の厳しさだ｡コーナーが２回である点と､砂が軽い影響で全体的にスピードが要求される｡フェブラリーＳでは芝並みの時計が出ることもある｡他場のダートコースとは異質の能力が試され､適性の有無が出やすい｡ダート戦なので基本的には逃げ〜先行が有利だが､１３００ｍや１４００ｍに比べてガクンと成績は下がる｡中団以降からの差しも十分決まる｡種牡馬成績はクロフネ､ブライアンズタイム､フジキセキ､シンボリクリスエス､フレンチデピュティ､アグネスタキオン､マンハッタンカフェが上位｡芝のＧ１馬を輩出できるスピードと瞬発力を兼ね備えた血統が強い｡ただし､ミスタープロスペクター系は取捨が難しい｡トワイニング､プリサイスエンド､エルコンドルパサーは比較的狙い目｡キングカメハメハ､エンドスウィープ､ティンバーカントリーなどはひと息｡　●クラス別水準ラップ(３Ｆ-２Ｆ-３Ｆ)と勝ち時計　２歳ＯＰ特別･重賞(─)､３歳以上５００万(３５.２-２５.１-３７.９=１.３８.２)､３歳以上１０００万(３５.４-２４.６-３７.５=１.３７.５)､３歳以上準ＯＰ･ＯＰ特別(３４.９-２４.７-３６.９=１.３６.５)､３歳以上重賞(３５.０-２４.４-３６.４=１.３５.８)",
"CS","2","20120228","05","1800","11","20030426","スタート地点は１〜２コーナーの間にあるポケット｡正面から見ると斜めに横切り､向正面の直線に合流するという特殊なコースとなっている｡スタートから向正面の合流地点までの距離は約１５０ｍ｡３コーナー手前にさしかかるところで緩い上り坂｡３〜４コーナーにかけては下り坂になっている｡最後の直線に入ると､途中からなだらかな上り坂(高低差２.１ｍ)｡東京競馬場全体の高低差は２.７ｍある｡最後の直線距離は５２５.９ｍで､新潟の外回りコースに次ぐ長さ｡仮柵によるコース設定はＡ､Ｂ､Ｃ､Ｄの４パターン｡３ｍごとに幅員が異なる｡例年､Ｄコースは１〜２月に使用され､芝内側部分を保護している｡前半と中盤のペースが遅く､後半の３ハロンが速いという典型的な上がり勝負｡重賞クラスのメンバーでも超スローの上がり勝負になることはめずらしくない｡脚質的には仮柵の位置を問わず逃げ､先行馬の好走が多い｡ただし､速い上がりが要求されるため､小回りのローカルを得意としているような馬は逆に苦しい｡枠順はあまり気にする必要はないが､逃げ･先行馬は真ん中から内枠を引いた方が､すんなりインコースに潜り込みやすい｡種牡馬成績はシンボリクリスエス､マンハッタンカフェ､アグネスタキオン､キングカメハメハ､フジキセキらが上位で拮抗している｡全体的にはヘイロー系とロベルト系が強い｡ただし､スペシャルウィークは勝ち切れていない｡　●クラス別水準ラップ(３Ｆ-３Ｆ-３Ｆ)と勝ち時計　２歳ＯＰ特別･重賞(３５.８-３７.４-３４.７=１.４７.９)､３歳以上５００万(３６.１-３６.９-３４.９=１.４７.９)､３歳以上１０００万(３６.２-３６.５-３４.７=１.４７.４)､３歳以上準ＯＰ･ＯＰ特別(３５.４-３６.５-３５.０=１.４６.９)､３歳以上重賞(３５.１-３６.２-３４.６=１.４５.９)",
"CS","2","20120228","05","2000","11","20030426","スタート地点は１コーナー奥のポケット｡スタート後､約１００ｍ進んだところに左へ曲がる大きなカーブがある｡向正面の長い直線を走り､３コーナー手前にさしかかるところで緩い上り坂｡３〜４コーナーにかけては下り坂になっている｡最後の直線に入ると､途中からなだらかな上り坂(高低差２.１ｍ)｡東京競馬場全体の高低差は２.７ｍある｡最後の直線距離は５２５.９ｍで､新潟の外回りコースに次ぐ長さ｡仮柵によるコース設定はＡ､Ｂ､Ｃ､Ｄの４パターン｡３ｍごとに幅員が異なる｡例年､Ｄコースは１〜２月に使用され､芝内側部分を保護している｡２コーナーのカーブが大きな鬼門となるコース｡スタート直後は馬群がかたまり気味になってしまうので､多頭数の大外枠は距離ロスを強いられることになり､非常に厳しい｡向正面の直線に入ってもペースがあまり上がらないため､基本的にはスローの展開が多くなり､最後は決め手が問われる｡ただ､前後半３ハロンの時計はクラスによる差はあまりない｡中盤の厳しさがクラスの差につながる｡天皇賞(秋)では１分５８秒を切る速い時計が求められる｡馬場が良好なときは逃げ･先行馬が非常に有利｡馬場が少し痛むＣコース､Ｄコースの時期になると逃げ馬が苦しくなり､差し馬の好走が増えてくる｡追い込み馬は常に不利｡直線距離が長くても､前の馬はそう簡単に止まらない｡種牡馬成績はダンスインザダーク､シンボリクリスエス､アグネスタキオン､ゼンノロブロイ､キングカメハメハらが上位｡ヘイロー･ロベルト系が全般的に優勢だが､マンハッタンカフェ､アドマイヤベガ､ネオユニヴァースは不振｡　●クラス別水準ラップ(３Ｆ-４Ｆ-３Ｆ)と勝ち時計　２歳ＯＰ特別･重賞(─)､３歳以上５００万(３６.６-５０.０-３４.６=２.０１.２)､３歳以上１０００万(３６.７-４９.３-３４.７=２.００.７)､３歳以上準ＯＰ･ＯＰ特別(３６.６-４９.２-３４.４=２.００.２)､３歳以上重賞(３６.０-４８.５-３４.８=１.５９.３)",
"CS","2","20120228","05","2100","23","20030426","スタート地点は正面スタンド前中央付近｡最初の１コーナーまでの距離は約２４０ｍ｡１〜２コーナーは平坦｡向正面に入ると緩い上り坂｡３〜４コーナーはほぼ平坦｡最後の直線距離は５０１.６ｍで､日本のダートコースで最長距離を誇る｡途中､緩やかな上り坂があるのも特徴だ｡基本的にダート戦は序盤から速いペースになるが､２１００ｍともなると展開はさまざま｡スローペースになることもある｡平均ペースが最も多いものの､逃げ馬を中心としたメンバー構成に左右されやすい｡３歳以上重賞の水準ラップと勝ち時計は､以前に同コースで行われていたＪＣダートを参考にしている｡そのため､勝ち時計が非常に速い｡通常は古馬のオープンクラスでも２分１０秒台を切るようならば､好時計と言える｡脚質は逃げ馬と先行馬が優勢で､複勝率はそれそれ３５％前後でほぼ互角｡中でもスローペースにおける逃げ馬の単勝が妙味｡ペースが速くなれば差し馬の出番｡枠順の有利･不利はあまりないが､中枠より内を引くことに損はない｡種牡馬成績はゴールドアリュール､マンハッタンカフェ､シンボリクリスエスが３強｡近年の連対率は４０％近くある｡勝ち鞍だけならばティンバーカントリー､ブライアンズタイム､アグネスタキオンも上位｡フジキセキ､フレンチデピュティは不振なので注意｡基本的にはスタミナ血統が上位だ｡　●クラス別水準ラップ(２.５Ｆ-５Ｆ-３Ｆ)と勝ち時計　２歳ＯＰ特別･重賞(─)､３歳以上５００万(３１.２-６５.０-３７.５=２.１３.７)､３歳以上１０００万(３０.９-６３.７-３７.２=２.１１.８)､３歳以上準ＯＰ･ＯＰ特別(３０.７-６３.５-３６.８=２.１１.０)､３歳以上重賞(２９.７-６１.３-３７.０=２.０８.０)",
"CS","2","20130122","05","2300","11","20030426","スタート地点は正面スタンド前直線の真ん中あたり｡最初の１コーナーまでの距離は約２５０ｍ(Ａコース時)｡１コーナーから２コーナーにかけてはほぼ平坦｡約４５０ｍある長いバックストレッチを通り､３コーナー手前にさしかかるところで緩い上り坂｡３〜４コーナーにかけては下り坂になっている｡最後の直線に入ると､途中からなだらかな上り坂(高低差２.１ｍ)｡東京競馬場全体の高低差は２.７ｍある｡最後の直線距離は５２５.９ｍで､新潟の外回りコースに次ぐ長さ｡仮柵によるコース設定はＡ､Ｂ､Ｃ､Ｄの４パターン｡３ｍごとに幅員が異なる｡例年､Ｄコースは１〜２月に使用され､芝内側部分を保護している｡中央競馬で芝２３００ｍの番組が組まれているのは当コースのみ｡なおかつ､未勝利戦と５００万クラスで年に数鞍しか行われていないマイナーな条件だ｡スローから平均ペースの展開になり､４コーナーを回り終えるまでは淡々とレースが進む｡最後は末脚勝負になりやすい｡また､レースの上がり３ハロンが案外かかるのが特徴｡単純に上がり３ハロンで最も速い脚を使った馬が勝ちやすい｡脚質的には先行･差し馬が互角｡枠順は普通は外枠が不利のように見えるが､これまでの結果を見るとそうでもない｡ただし､下級条件だけの結果なので､コースの本質は上級クラスのレースが行われないとわからない面がある｡種牡馬成績はスペシャルウィーク､オペラハウス､アグネスタキオン､サッカーボーイ､カーネギー､ペンタイアなどが勝ち馬を輩出｡上がりがかかる分､ノーザンダンサー系の馬でも対応しやすくなっている｡　●クラス別水準ラップ(２.５Ｆ-６Ｆ-３Ｆ)と勝ち時計　２歳ＯＰ特別･重賞(─)､３歳以上５００万(３０.３-７４.６-３５.７=２.２０.６)､３歳以上１０００万(─)､３歳以上準ＯＰ･ＯＰ特別(─)､３歳以上重賞(─)",
"CS","2","20120228","05","2400","11","20030426","中央競馬を代表する主要コース｡日本ダービーやジャパンＣが行われる舞台だ｡スタートは正面スタンド前直線から｡スタート後､平坦のホームストレッチを走り､ゴール板を一度通過｡そこからグルリとコースを一周する｡最初の１コーナーまでの距離は約３５０ｍ(Ａコース時)｡１コーナーから２コーナーにかけてはほぼ平坦｡約４５０ｍある長いバックストレッチを通り､３コーナー手前にさしかかるところで緩い上り坂｡３〜４コーナーにかけては下り坂になっている｡最後の直線に入ると､途中からなだらかな上り坂(高低差２.１ｍ)｡東京競馬場全体の高低差は２.７ｍある｡最後の直線距離は５２５.９ｍで､新潟の外回りコースに次ぐ長さ｡仮柵によるコース設定はＡ､Ｂ､Ｃ､Ｄの４パターン｡３ｍごとに幅員が異なる｡例年､Ｄコースは１〜２月に使用され､芝内側部分を保護している｡スタート直後は先行争いがあるため少し流れるが､１〜２コーナーに入れば落ち着く｡全体的にはスローペースで､最後の直線勝負が基本｡Ｇ１でも飛ばす馬がいなければペースは遅くなり､走破時計も速くならない｡全馬が力をフルに発揮できるコース形態で､瞬発力とスタミナの両方をバランスよく持ち合わせている馬でないと勝つのは難しい｡脚質的にもあらゆるタイプが対応できる｡ただし､Ｄコース時は逃げ馬が不振｡枠順の有利･不利もあまりない｡種牡馬成績はヘイロー系ならばアグネスタキオン､ダンスインザダーク､ステイゴールドらが上位｡グレイソヴリン系ならばジャングルポケット､スターオブコジーン､アドマイヤコジーン｡ロベルト系ならばシンボリクリスエス､タニノギムレット､グラスワンダー｡ノーザンダンサー系ならばフレンチデピュティ､クロフネ｡ミスタープロスペクター系ではキングカメハメハが良績を残している｡マンハッタンカフェはひと息｡　●クラス別水準ラップ(３Ｆ-３Ｆ-３Ｆ-３Ｆ)と勝ち時計　２歳ＯＰ特別･重賞(─)､３歳以上５００万(３６.２-３７.７-３８.０-３５.４=２.２７.３)､３歳以上１０００万(３６.５-３７.２-３７.９-３４.８=２.２６.４)､３歳以上準ＯＰ･ＯＰ特別(３６.２-３７.０-３７.１-３５.１=２.２５.４)､３歳以上重賞(３５.９-３７.１-３７.１-３４.６=２.２４.７)",
"CS","2","20120228","05","2400","23","20030426","スタート地点は正面スタンド前の直線入り口からのスタート｡最初の１コーナーまでの距離は約５３６ｍ｡１〜２コーナーは平坦｡向正面に入ると緩い上り坂｡３〜４コーナーもほぼ平坦｡最後の直線距離は５０１.６ｍで､日本のダートコースで最長距離を誇る｡途中､緩やかな上り坂があるのも特徴だ｡東京競馬場におけるダート最長距離の競走だが､マイナーな条件｡実際に組まれている番組は非常に少なく､通常は冬場の１回開催で１０００万クラスの平場戦が組まれているだけだ｡水準ラップを見ると前半３ハロンが速く､一度スローペースに落ちて､その後ジンワリと加速していくような感じ｡芝の長距離戦ほど上がりだけの競馬にはならないが､勝ち馬はメンバー中３位以内の上がりを使っているケースが多くなってる｡無論､豊富なスタミナも必要｡最初の１コーナーまでの距離が非常に長いので､枠順の有利･不利はなさそう｡脚質的には差しての好走馬が多いものの､逃げ馬が残る確率も高い｡追い込み馬は苦戦｡種牡馬成績はサクラローレル､ブライアンズタイム､シンボリクリスエス､エリシオ､リアルシャダイといったステイヤー血統が優勢｡　●クラス別水準ラップ(３Ｆ-３Ｆ-３Ｆ-３Ｆ)と勝ち時計　２歳ＯＰ特別･重賞(─)､３歳以上５００万(─)､３歳以上１０００万(３７.６-３９.４-３８.９-３８.３=２.３４.２)､３歳以上準ＯＰ･ＯＰ特別(─)､３歳以上重賞(─)",
"CS","2","20120228","05","2500","11","20030426","スタート地点は正面スタンド前左の直線坂下｡芝２４００ｍのスタート地点より１００ｍ左側へ移動しただけだが､坂下からのスタート｡ゴールまでに２度の坂超えが必要となる｡最初の１コーナーまでの距離は約４５０ｍ(Ａコース時)｡１コーナーから２コーナーにかけてはほぼ平坦｡約４５０ｍある長いバックストレッチを通り､３コーナー手前にさしかかるところで緩い上り坂｡３〜４コーナーにかけては下り坂になっている｡最後の直線に入ると､途中からなだらかな上り坂(高低差２.１ｍ)｡東京競馬場全体の高低差は２.７ｍある｡最後の直線距離は５２５.９ｍで､新潟の外回りコースに次ぐ長さ｡仮柵によるコース設定はＡ､Ｂ､Ｃ､Ｄの４パターン(３ｍごとに幅員が異なる)あるが､目黒記念とアルゼンチン共和国杯の両Ｇ２がメーンとなっているコース｡近年､目黒記念はＣコース､アルゼンチン共和国杯はＢコースで行われている｡長距離レースのため､最後の直線まで末脚を温存する競馬にはなるが､Ｇ２クラスでもレースの上がり３ハロンは３５秒台の時計を要する｡単純な瞬発力勝負ではなく､消耗戦での末脚勝負となりやすい｡よって､血統的にもエリシオ､オペラハウス､ジャングルポケット､メジロマックイーンなどスタミナを有する重めの長距離血統が強い｡枠順はほぼフラット｡脚質傾向は追い込み馬は互角｡好走馬の数は差し馬が多いが､逃げ馬の一発がある｡　●クラス別水準ラップ(２.５Ｆ-４Ｆ-３Ｆ-３Ｆ)と勝ち時計　２歳ＯＰ特別･重賞(─)､３歳以上５００万(─)､３歳以上１０００万(─)､３歳以上準ＯＰ･ＯＰ特別(─)､３歳以上重賞(２９.８-４８.９-３６.７-３５.６=２.３１.０)",
"CS","2","20120228","05","3400","11","20030426","スタート地点は向正面直線の真ん中付近｡最初の３コーナーまでの距離は約２５０ｍ｡１周目のホームストレッチは約５６０ｍ｡１〜２コーナーを通り､バックストレッチは約４５０ｍ｡二度目の３〜４コーナー(下り坂)を通過｡最後の直線に入ると､途中からなだらかな上り坂(高低差２.１ｍ)｡東京競馬場全体の高低差は２.７ｍある｡最後の直線距離は５２５.９ｍで､新潟の外回りコースに次ぐ長さ｡仮柵によるコース設定はＡ､Ｂ､Ｃ､Ｄの４パターン(３ｍごとに幅員が異なる)あるが､ダイヤモンドＳでのみ使用される特殊なコース｡近年､同レースはＤコースで行われている｡ダイヤモンドＳの水準勝ち時計は３分３１秒９だが､年によってペースはさまざま｡平均的なラップが一貫して続くこともあれば､スローペースもあるし､速い流れになることもある｡基本的にはスローペースが多くなるはずだが､メンバー構成次第だ｡共通して言えるのがどんなペースになっても､逃げ･先行馬が不振であること｡好走馬の大半は差し馬｡２周目の４コーナー手前で後続馬が押し寄せ､直線入り口で早々と逃げ･先行馬が飲み込まれやすい｡折り合いに不安がなく､鞍上の意のままに末脚を溜められるタイプの馬から入るのがセオリーだ｡枠順の有利･不利はほとんどない｡冬場の東京開催は外からの差しも十分届く｡種牡馬成績はダンスインザダーク､エルコンドルパサーなど､菊花賞で実績のあるスタミナ血統は強い｡ドリームウェル､Ｋｉｎｇ’ｓ　Ｂｅｓｔなど海外の種牡馬も長距離タイプが活躍している｡　●クラス別水準ラップ(３Ｆ-８Ｆ-３Ｆ-３Ｆ)と勝ち時計　２歳ＯＰ特別･重賞(─)､３歳以上５００万(─)､３歳以上１０００万(─)､３歳以上準ＯＰ･ＯＰ特別(─)､３歳以上重賞(３７.６-１００.９-３７.４-３６.０=３.３１.９)",
"CS","2","20120228","06","1200","18","19860101","２コーナーを回りきって向正面に入ったところがスタート地点｡外回りコースのバックストレッチを通り､３コーナーまでの距離は２５０ｍ強(仮柵位置により変わる)ある｡中山競馬場の芝コースの高低差は５.３ｍと､ＪＲＡ全１０場の中で最も高低差がある｡おむすび型の頂部分は高い位置にあり､スタート直後から４コーナーまでは､約４.５ｍの勾配の下り坂になっている｡最後の直線距離は３１０ｍと､ローカル競馬場並に短い｡なおかつ､ゴール前には高低差２.４ｍの急坂がある｡なお､仮柵によるコース設定はＡ､Ｂ､Ｃの３パターン｡近年は年明けの１回開催と秋開催でＣコースが使用されており､Ａ､Ｂに比べて逃げ馬の好走確率が高くなっている｡短距離戦なので当然前傾ラップ｡スタート直後から下り坂が続くため､テンから加速がつきやすい｡準ＯＰクラス以上の前半３ハロン平均は､３３秒台と速い｡勢いをつけたまま３〜４コーナーを回り､最後の直線を駆け上がる｡基本的には先行力が必要だが､逃げ切るにはかなりの力がいる｡特にスプリンターズＳを含む重賞･オープンクラスのレースで逃げ切るのは難しく､好位抜け出しがベスト｡前に行けて､なおかつ終い踏ん張る脚が必要｡最後に急坂があるので差しも決まる｡また､秋の中山開催時が最も速い時計が出る｡スプリンターズＳは１分０７秒台の決着になることもめずらしくない｡枠順は１枠から３枠がやや有利で､多頭数の大外があまり良くない｡距離のロスがなく､走れる内枠は有利｡最後の直線で前が詰まるリスクがある一方､４コーナーで外の馬が振られることで､捌くスペースができることも大きい｡種牡馬成績で注意したいのがサクラバクシンオー｡自身は現役時代にスプリンターズＳを連覇しているが､産駒は決して大得意ではない｡出走数が多い割には連対率や回収率は低めだ｡アフリート､スターリングローズ､クロフネ､キングヘイローなどが相性がいい｡　●クラス別水準ラップ(３Ｆ-３Ｆ)と勝ち時計　２歳ＯＰ特別･重賞(３３.８-３５.１=１.０８.９)､３歳以上５００万(３４.１-３４.９=１.０９.０)､３歳以上１０００万(３４.１-３４.４=１.０８.５)､３歳以上準ＯＰ･ＯＰ特別(３３.８-３４.５=１.０８.３)､３歳以上重賞(３３.５-３４.５=１.０８.０)",
"CS","2","20120228","06","1200","24","19860101","スタート地点は向正面２コーナー奥の芝地点｡最初の３コーナーまでの距離は約５０２ｍ｡緩やかな下り坂を駆け下りる｡最後の直線距離は３０８ｍで､中央４場の中では最短｡ゴール前には約２ｍの上り坂がある｡フルゲートは１６頭｡芝コーススタートの上､緩やかながら下り坂を駆け下りて３コーナーに飛び込むため､テンから非常に加速がつきやすい｡ハイペースは必至で､上がりの時計がかかる｡重賞クラスの前半３ハロンは､芝並みの速さ｡ダートの短距離なので基本的には逃げ･先行馬が押し切るシーンが多いが､展開によっては前がバッタリ止まる｡大外からのシンガリ一気が決まることもめずらしくない｡展開の読みが当たれば､馬券的中にも大きく近づく｡芝部分を長く走れることと､砂を被ったり､揉まれたりしないで先行できる点で､外枠が有利｡内枠の馬はテンのダッシュ力が速く､すんなりハナを奪うことができれば不利にはならない｡逆に内枠で先行できずに中団以降に置かれると､外から他馬に被せられて苦しくなる｡種牡馬成績はボストンハーバー､アフリート､タイキシャトル､フレンチデピュティが上位｡以下､トワイニング､コロナドズクエスト､スウェプトオーヴァーボードなど､ミスタープロスペクター系が全般的に強い｡　●クラス別水準ラップ(３Ｆ-３Ｆ)と勝ち時計　２歳ＯＰ特別･重賞(─)､３歳以上５００万(３４.０-３７.９=１.１１.９)､３歳以上１０００万(３４.１-３７.３=１.１１.４)､３歳以上準ＯＰ･ＯＰ特別(３３.７-３６.７=１.１０.４)､３歳以上重賞(３３.２-３７.０=１.１０.２)",
"CS","2","20120228","06","1600","18","19860101","スタートは１コーナー横のポケット地点｡中山競馬場芝コースの高低差は５.３ｍと､ＪＲＡ全１０場の中で最も高低差がある｡その最高地点がこの１コーナーのところ｡２コーナーまで緩やかに下り､さらに外回りコースのバックストレッチで約４.５ｍの勾配を駆け下りる｡最後の直線距離は３１０ｍと､中央４場の中では最短｡なおかつ､ゴール前には高低差２.４ｍの急坂がある｡なお､仮柵によるコース設定はＡ､Ｂ､Ｃの３パターン｡近年は年明けの１回開催と秋開催でＣコースが使用されており､Ａ､Ｂに比べて逃げ馬の好走確率が高くなっている｡最初の２コーナーまでの直線距離が２４０ｍと短いため､先行争いは激しくなりやすい｡なおかつ､その後は下り坂なので序盤から自然とペースアップする｡前半３ハロンの平均タイムはクラスによる大きな差はない｡その後の中盤〜終盤のラップにクラスの差が現れ､勝ち時計の速さにもつながる｡スタートからゴールまで一貫して速いラップを追走する能力が求められる｡枠順は圧倒的に内枠が有利｡幅員が最も広いＡコースと､最も狭いＣコースでもその傾向は変わらない｡２コーナーまでの距離が短いことが起因し､外枠は常に外々を回らされるデメリットが生じる｡内ラチ沿いをピッタリ回りながら､前々に位置し､直線に入ってグイと抜けてくる競馬が､このコースでは正攻法｡逃げ･先行馬が有利で､回収率も高い｡種牡馬成績はタイキシャトル､アドマイヤベガ､フジキセキ､ゼンノロブロイなど､ヘイロー系が圧倒的に優勢｡割って入るのがキングカメハメハ､キングヘイロー｡フレンチデピュティ､メジロライアンも回収率が高い｡　●クラス別水準ラップ(３Ｆ-２Ｆ-３Ｆ)と勝ち時計　２歳ＯＰ特別･重賞(３４.９-２４.２-３５.６=１.３４.７)､３歳以上５００万(３５.３-２３.６-３５.９=１.３４.８)､３歳以上１０００万(３５.１-２３.９-３５.３=１.３４.３)､３歳以上準ＯＰ･ＯＰ特別(３５.０-２３.６-３５.３=１.３３.９)､３歳以上重賞(３４.７-２３.３-３５.６=１.３３.６)",
"CS","2","20120228","06","1800","17","19860101","スタート地点は正面スタンド前直線の半ば｡ゲートオープン後､すぐに急坂が待ち構えている｡最初の１コーナーまでの距離は約２０５ｍ(Ａコース時)｡１〜２コーナーの中間までは上り坂｡その後は内回りコースに入り､向正面の直線は平坦｡３〜４コーナーはスパイラルカーブで､緩い下り坂になっている｡最後の直線距離は３１０ｍと､中央４場の中では最短｡なおかつ､ゴール前には高低差２.４ｍの急坂がある｡なお､仮柵によるコース設定はＡ､Ｂ､Ｃの３パターン｡１コーナーまでの距離が短いことと､上り坂がスタートである要素があるため､展開が定まりにくい｡メンバー次第でもあるが､ハイ･ミドル･スローあらゆるペースになりうる｡特徴的なのは後半３ハロンの平均がクラス別であまり差がないこと｡上がりの競馬にはなりにくいことを示しており､序盤から中盤のペースがクラスの差に直結してくる｡特に重賞は古馬Ｇ２の中山記念と､３歳牝馬限定Ｇ３のフラワーＣとでは､勝ちタイムが大きく違うので注意が必要だ｡枠順は内枠が有利｡逃げ､先行馬が残りやすいコースであり､主導権を握りたいという馬にとっては内枠は大きなアドバンテージ｡中盤のペースが厳しい前掛かりの展開になると､後方からの追い込みも決まるが､差し馬が上位を独占するようなケースはまれ｡好位からの抜け出しがベスト｡また､右回りのローカル競馬場芝１８００ｍに通じるコース適性が要求され､脚質を問わずこの距離で実績がある馬がよく走る｡このコースを得意とする巧者の馬が出現しやすい｡種牡馬成績はロベルト系のタニノギムレット､シンボリクリスエス､ブライアンズタイムが好成績｡ミスタープロスペクター系ではキングカメハメハ､ウォーエンブレムが好調｡ヘイロー系も来るが主流血統は全般的に回収率が低い｡ノーザンダンサー系のキングヘイロー､ロックオブジブラルタルなどの一発に注意｡　●クラス別水準ラップ(３Ｆ-３Ｆ-３Ｆ)と勝ち時計　２歳ＯＰ特別･重賞(─)､３歳以上５００万(３６.２-３６.５-３５.９=１.４８.６)､３歳以上１０００万(３６.４-３６.３-３５.６=１.４８.３)､３歳以上準ＯＰ･ＯＰ特別(３６.６-３５.８-３５.６=１.４８.０)､３歳以上重賞(３６.０-３６.１-３５.６=１.４７.７)",
"CS","2","20120228","06","1800","24","19860101","スタート地点はスタンド前直線の入り口｡最初の１コーナーまでの距離は約３７５ｍで､スタートして間もなく急坂｡この部分の勾配は約２ｍだが､コース全体の高低差は４.４ｍ｡ＪＲＡ全１０場のダートコースの中で最も高低差があるタフなコースだ｡最後の直線距離は３０８ｍで､中央４場の中では最短となっている｡スタート後の２ハロン目に速いラップが刻まれるため､前半３ハロンの時計が最も速くなる｡平均ラップを見ると中盤の３ハロンで息を入れて､後半３ハロンの末脚勝負となっているが､実際には中盤でもペースが緩まず最後まで淀みない流れになることも多い｡また､クラス間の平均勝ち時計の差がやや大きいのも特徴｡中山のダートコースは砂が重く､時計も要する馬場のため､パワー型の馬が活躍しやすい｡特に冬場は非常に時計がかかる｡速い持ち時計よりも､コース適性を重視｡切れがある差し馬よりも､簡単にバテない先行馬を狙うのがセオリー｡差し馬同士ではなかなか決まらない｡穴を狙うならば人気薄の馬の前残りがいい｡一方､雨が降って脚抜きがいい馬場になると､極端な脚質の馬が台頭する｡行った行ったの展開や､外からの追い込み､マクリ差しの馬が飛んでくる｡１コーナーまで十分距離があるので枠順の有利･不利はあまりないが､逃げ･先行でレースを進めたい馬にとっては､内枠の方が競馬はしやすい｡種牡馬成績はクロフネが断然｡同馬の父フレンチデピュティも強い｡あとは､シンボリクリスエス､ブライアンズタイム､グラスワンダーなどのロベルト系｡ミスタープロスペクター系ではティンバーカントリーとアグネスデジタル｡ヘイロー系ではアグネスタキオン､その他の系統ではワイルドラッシュに注目｡　●クラス別水準ラップ(３Ｆ-３Ｆ-３Ｆ)と勝ち時計　２歳ＯＰ特別･重賞(─)､３歳以上５００万(３７.４-３９.１-３８.６=１.５５.１)､３歳以上１０００万(３７.０-３８.１-３８.７=１.５３.８)､３歳以上準ＯＰ･ＯＰ特別(３６.８-３８.２-３７.７=１.５２.７)､３歳以上重賞(３６.２-３７.７-３７.８=１.５１.７)",
"CS","2","20150408","06","2000","17","19860101","スタート地点は４コーナーを曲がり終えたホームストレッチの右端｡単純に芝１８００ｍのスタート地点が２００ｍ右へスライドしたところで､最初の１コーナーまでの距離は約４０５ｍ(Ａコース時)｡１〜２コーナーの中間までは上り坂｡その後は内回りコースに入り､向正面の直線は平坦｡３〜４コーナーはスパイラルカーブで､緩い下り坂になっている｡最後の直線距離は３１０ｍと､中央４場の中では最短｡なおかつ､ゴール前には高低差２.４ｍの急坂がある｡なお､仮柵によるコース設定はＡ､Ｂ､Ｃの３パターン｡最初のコーナーまでの距離が十分ある上､途中１度目の急坂があるので､前半からペースはさほど速くならない｡１〜２コーナーまではゆったり流れ､向正面に入るとペースアップ｡３コーナーの残り６００ｍ地点からラストスパートに入る｡最後の直線に入ると２度目の急坂により､最後の１ハロンの時計がグッとかかる｡他場の２０００ｍよりもタフなレースになりやすくスタミナを要する｡勝ち時計も２分を切りにくい｡平均勝ち時計が３歳以上重賞より３歳以上準ＯＰ･ＯＰ特別の方が速くなっているが､紫苑ＳやレインボーＳなど､準ＯＰ･ＯＰのレースが時計が最も出やすい秋開催に組まれているからだ｡一方､重賞は中山金杯と京成杯は冬場のレース｡弥生賞はスローペースになりやすく時計が遅くなりがちと､時計が出にくい要素を抱えている｡スロー〜平均ペースで流れれば逃げ､先行勢が圧倒的に有利なコース｡前半の先行争いが激しくなり､ハイペースになった時のみ派手な追い込み､大外一気が決まる｡枠順は内枠が有利｡外枠は多頭数になるにつれて厳しくなる｡種牡馬成績はアドマイヤベガ､アグネスタキオン､ステイゴールドらを中心にヘイロー系の勝ち鞍は多い｡しかし､フジキセキ､マーベラスサンデーは成績が悪いし､オペラハウス､キングカメハメハ､ホワイトマズル､ブライアンズタイムなど､割って入り上位にランクされる他系統の種牡馬もいる｡　●クラス別水準ラップ(３Ｆ-４Ｆ-３Ｆ)と勝ち時計　２歳ＯＰ特別･重賞(３５.６-４９.９-３６.０=２.０１.５)､３歳以上５００万(３６.６-４９.３-３５.８=２.０１.７)､３歳以上１０００万(３６.５-４９.１-３５.８=２.０１.４)､３歳以上準ＯＰ･ＯＰ特別(３５.９-４８.５-３５.５=１.５９.９)､３歳以上重賞(３６.２-４８.７-３５.５=２.００.４)",
"CS","2","20120228","06","2200","18","19860101","スタート地点は４コーナーを曲がり終えたホームストレッチの右端｡芝２０００ｍのスタート地点から少し右に移動したところからの発走となる｡最初の１コーナーまでの距離は約４３２ｍ(Ａコース時)｡そこから外回りコースを使うため､２コーナーまでは直線に近い緩やかなカーブ｡向正面の山の頂上から３〜４コーナー中間までも､非常に緩やかなカーブを通ることになり､スピードに乗りやすい｡最後の直線距離は３１０ｍと､中央４場の中では最短｡なおかつ､ゴール前には高低差２.４ｍの急坂がある｡なお､仮柵によるコース設定はＡ､Ｂ､Ｃの３パターン｡前半３ハロンの時計は逃げ馬の動向次第で､レースにより大きく変わる｡しかし､平均すると３歳以上の重賞でも３６秒台の数字｡芝２０００ｍとほぼ同じイメージで､序盤はスローから平均ペースで流れる｡ただ､その後は大きくペースダウンする個所はない｡外回りコース使用により､直線部分を走る距離が長いため､自然とペースが上がる｡単純な直線だけの上がり勝負にはなりにくく､ロングスパートの競馬になりやすい｡内回りコースを使用する芝１８００ｍや芝２０００ｍでは器用さが必要だったが､当コースではそれよりも末脚の持続力が問われる｡後半３ハロンはクラスによる大きな差はない｡したがって､上のクラスへ行くほど､中盤の５ハロンの流れが厳しくなる｡脚質的には先行馬が有利｡外回りコース使用とはいえ､最後の直線の短さは変わりないので､３〜４コーナー中間までにある程度の位置につけている必要がある｡枠順の有利･不利はさほどない｡種牡馬で注目したいのはシンボリクリスエス｡自身は現役時代､中山芝２２００ｍで行われたＪＣを１番人気で３着と不覚を取ったが､産駒は同コースとの相性がいい｡サンデーサイレンス系ならばマーベラスサンデー､マンハッタンカフェ､ステイゴールドがいい｡アドマイヤベガとダンスインザダークは逆に苦手なので要注意｡ホワイトマズル､チーフベアハート､オペラハウスなど､ノーザンダンサー系全般も十分対応が可能｡キングカメハメハを筆頭に､ミスタープロスペクター系は不振｡　●クラス別水準ラップ(３Ｆ-５Ｆ-３Ｆ)と勝ち時計　２歳ＯＰ特別･重賞(─)､３歳以上５００万(３６.８-６３.４-３５.５=２.１５.７)､３歳以上１０００万(３６.９-６２.３-３５.６=２.１４.８)､３歳以上準ＯＰ･ＯＰ特別(３６.２-６１.６-３６.０=２.１３.８)､３歳以上重賞(３６.４-６０.５-３５.５=２.１２.４)",
"CS","2","20120228","06","2400","24","19860101","スタート地点は向正面直線の中間地点あたり｡そこからコース全体を約１周半回る｡最初の３コーナーまでの距離は約２０９ｍ｡最後の直線距離は３０８ｍで､中央４場の中では最短｡フルゲートは１６頭｡コース全体の高低差は４.４ｍと､ＪＲＡ全１０場のダートコースの中で最も高低差があるタフなコースだ｡以前は年に１鞍か２鞍しか組まれていないマイナー条件だったが､２０１０年から急にレース数が増えだした｡それでも古馬５００万･１０００万クラスでしか施行されておらず､上級クラスのレースがないため馴染みは薄いコースと言えるだろう｡スタートからゴールまで１２秒〜１３秒台のラップが続き､ほぼ一貫して時計がかかる｡５００万クラスと１０００万クラスの間に時計差があまりない｡最初の３〜４コーナーまでにできるだけ前のポジションにつけられるかが､勝負のポイント｡先行馬が有利なコースで､隊列が落ち着く１周目のスタンド前までに好位を取りたい｡再びペースが上がるのは２周目の向正面の中間あたり｡道中､ペースが緩みすぎると２周目の３コーナー付近で､早めにマクリに行く馬が出てくる｡いずれにせよ､最終コーナーを先頭集団で回らないと勝ち負けには加われない｡中山ダート１８００ｍとはまた異なる適性が必要で､１番人気が凡走しやすい｡穴が出やすいコースだ｡枠順の有利･不利はあまりない｡種牡馬成績はヴァイスリージェント系のクロフネ､フレンチデピュティ｡ロベルト系のブライアンズタイム､タニノギムレット､シンボリクリスエスが上位｡ダンチヒ系のアラムシャー､チーフベアハートも面白い｡　●クラス別水準ラップ(３Ｆ-３Ｆ-３Ｆ-３Ｆ)と勝ち時計　２歳ＯＰ特別･重賞(─)､３歳以上５００万(３７.３-４０.７-３９.９-３９.１=２.３７.０)､３歳以上１０００万(３８.０-４０.５-３９.６-３８.７=２.３６.８)､３歳以上準ＯＰ･ＯＰ特別(─)､３歳以上重賞(─)",
"CS","2","20120228","06","2500","17","19860101","スタート地点は外回りコースの３コーナー手前｡４コーナーを目掛けて緩い下り坂を約１９２ｍ(Ａコース時)走る｡正面スタンド前で最初の急坂｡１〜２コーナーの中間までは上り坂｡その後は内回りコースに入り､向正面の直線は平坦｡３〜４コーナーはスパイラルカーブで､緩い下り坂になっている｡最後の直線距離は３１０ｍと､中央４場の中では最短｡なおかつ､ゴール前には高低差２.４ｍの急坂がある｡なお､仮柵によるコース設定はＡ､Ｂ､Ｃの３パターン｡有馬記念が行われる舞台｡コーナーが多いので道中で息を入れやすいコース形態だが､実際には激しい消耗戦になりやすく､スタミナが問われる｡ハイレベルなレースになるほど､ラストスパートの地点が前になる｡以前に比べるとだいぶ時計が出るようになったが､実際には上がりがかかりやすいレースと認識しておいた方がいい｡３歳以上の重賞以外の平均勝ち時計が全クラスほぼ同じになっているが､あまり気にしなくていい｡同じクラスのレースでも､ペースや馬場の違いにより平気で１秒以上タイムが異なったりすることがある｡長丁場のレースなので､テンからガリガリやり合うシーンは少ないが､できるだけ好位を取れる馬を狙いたい｡有馬記念を見ても分かるように､先行できる馬の方が圧倒的に有利｡大きな穴があく場合は､たいてい人気薄の馬の前残りだ｡差し･追い込み馬は､かなりの力がないと勝つのは難しい｡逃げ､先行馬ならばできるだけ内枠が欲しい｡種牡馬成績はサンデーサイレンス系ならばマンハッタンカフェ､アドマイヤベガ､マーベラスサンデー､アグネスタキオンがいい｡ダンスインザダークはよくない｡ノーザンダンサー系ではメジロライアン､オペラハウス､ホワイトマズル､コマンダーインチーフなど､長距離で定評がある血統を素直に狙いたい｡シンボリクリスエス､グラスワンダーなどロベルト系もまずまず｡ミスタープロスペクター系ではキングカメハメハ､ティンバーカントリーのようなスタミナタイプがいい｡　●クラス別水準ラップ(２.５Ｆ-４Ｆ-３Ｆ-３Ｆ)と勝ち時計　２歳ＯＰ特別･重賞(─)､３歳以上５００万(３０.３-５０.８-３７.４-３６.０=２.３４.５)､３歳以上１０００万(３０.４-５０.２-３７.３-３６.０=２.３３.９)､３歳以上準ＯＰ･ＯＰ特別(３０.５-５０.６-３７.４-３６.０=２.３４.５)､３歳以上重賞(３０.１-４９.４-３６.５-３５.６=２.３１.６)",
"CS","2","20120228","06","2500","24","19860101","スタート地点は向正面直線の左｡２コーナーを出てすぐのあたり｡そこからコース全体を約１周半回る｡最初の３コーナーまでの距離は約３０９ｍ｡最後の直線距離は３０８ｍで､中央４場の中では最短｡フルゲートは１６頭｡コース全体の高低差は４.４ｍと､ＪＲＡ全１０場のダートコースの中で最も高低差があるタフなコースだ｡０８年からレースが組まれることになったものの､その後は年一鞍ペース｡１２月に古馬５００万クラスの平場戦が行われている｡一応､平均ラップと勝ち時計を示したもの､サンプル数が少ないので参考程度にしていただきたい｡レースの全体の流れはダート２４００ｍとほぼ同じ｡長丁場のため､どうしても道中のペースは緩みがち｡１４秒台のラップを踏むことがある｡最後は各馬脚が上がってのゴールで､豊富なスタミナと重いダートをこなすパワーが必要｡その他のコースではあまり必要としない能力が問われるコースなので､中距離の現級実績馬でも信頼できない｡人気薄の馬が激走しやすい｡逃げ､先行馬が有利｡後ろから行くタイプは厳しく､４コーナーで１０番手以下からの追い込みは決まっていない｡枠順は今のところ８枠が好成績だが､まだ結論は出せない｡種牡馬成績はティンバーカントリー､マリエンバード､マヤノトップガン､ウォーエンブレム､クロフネなどが好走を果たしている｡　●クラス別水準ラップ(２.５Ｆ-４Ｆ-３Ｆ-３Ｆ)と勝ち時計　２歳ＯＰ特別･重賞(─)､３歳以上５００万(３０.３-５３.０-３９.７-３９.８=２.４２.８)､３歳以上１０００万(─)､３歳以上準ＯＰ･ＯＰ特別(─)､３歳以上重賞(─)",
"CS","2","20120228","06","3600","21","19860101","現在､ＪＲＡで施行されている最長距離のコース｡スタート地点は正面スタンド前直線の真ん中よりやや右｡芝１８００ｍと芝２０００ｍのスタート地点の中間あたりで､スタート後まもなく急坂を駆け上がる｡１〜２コーナーの中間までは上り坂｡その後は内回りコースに入り､向正面の直線は平坦｡３〜４コーナーはスパイラルカーブで､緩い下り坂になっている｡内回りコースを２周して､最後の直線へ｡最後の直線距離は３１０ｍと､中央４場の中では最短｡仮柵によるコース設定はＡ､Ｂ､Ｃの３パターンとあるが､年末に行われるＧ２のマラソンレース･ステイヤーズＳでのみ使用｡近年の同レースはＡコースで行われている｡参考となる平均ラップはステイヤーズＳのみ｡しっかりした逃げ馬がいる場合は､平均的な流れが続き､そうでない場合は１ハロン１３秒台のラップが連続で刻まれるような完全なスローペース｡ほぼこの２パターンの流れとなる｡すべて平均すると前半の３ハロンはポジション取りの動きがあり､３７秒台半ば｡ラスト３ハロンは３５秒台となっている｡コーナーを８回も回るため､器用さが必要｡先行馬が有利だ｡ただし､逃げ馬は不振｡スタミナが必要なのは言うまでもない｡枠順の有利･不利はほとんどない｡種牡馬成績はダンスインザダーク､エルコンドルパサー､サッカーボーイ､ブライアンズタイムなど､菊花賞･天皇賞(春)優勝馬を出しているステイヤー血統の独壇場｡　●クラス別水準ラップ(３Ｆ-９Ｆ-３Ｆ-３Ｆ)と勝ち時計　２歳ＯＰ特別･重賞(─)､３歳以上５００万(─)､３歳以上１０００万(─)､３歳以上準ＯＰ･ＯＰ特別(─)､３歳以上重賞(３７.６-１１５.７-３６.４-３５.８=３.４５.５)",
"CS","1","20080815","07","1000","23","19860101","スタート地点は２コーナーを過ぎた向正面の入り口あたり｡３コーナーまでは３８０ｍと､十分に距離はあるがここでの攻防がほぼ勝敗を決する｡とにかく速いスタートダッシュを決めて､先手を奪う必要がある｡３〜４コーナーでスムーズにコーナーリングをするためには､ラチ沿いを取るのがベスト｡馬群の外をマクろうとするとコーナーで振られる｡芝コースよりもコーナーリングの角度が厳しいからだ｡ローカルのダートの１０００ｍの中では､やや差しも決まりやすいコースではあるが､やはり前で競馬ができないと厳しい｡逃げ馬の連対率は５０%を超える｡しかし､実際にレースが始まってみないと､どの馬が逃げれるかわからない｡当然ながら､予想の際にはそこを読むのが難しいところ｡枠順の有利･不利は､ほとんどない｡数字の上では､大きな特徴は見出せない｡",
"CS","1","20080815","07","1200","11","19860101","スタート地点は向正面にある２コーナーのポケット｡スタートしてから３コーナーまで一直線で､距離も十分にある｡しかし､枠順が与える影響は少なくない｡フルゲートが１８頭のコースなので､内外の距離の差は大きい｡大外枠は外ラチ近くからの発走となる｡逃げ馬はもちろん､先行してレースを進めたい場合は､なるべく内枠が欲しいところだ｡スタートからダッシュを利かせて好位を取りに行きたい｡もちろん､これは開幕週などの馬場がフラットな状態での話｡開催が進み内側の馬場が荒れてくると､今度は外枠の馬が有利になる｡刻々と変わる馬場状態を読むのが大事｡基本的には逃げ･先行有利だが､ローカルの芝１２００ｍの中では中団以降からの差しも決まりやすい｡また､微妙に癖があるコースで､この条件を得意としている馬も多いのが特徴｡",
"CS","2","20130307","07","1200","11","20120303","スタート地点は向正面直線の真ん中付近｡緩やかな上り坂を１２０ｍ進んだ後､緩やかな下り坂に入る｡３〜４コーナー部分はすべて下り坂で､最後の直線へ｡ゴール手前３４０ｍ地点より２４０ｍ地点にかけては高低差２.０ｍの急な上り坂｡勾配は２.０％で､中山競馬場芝コースに次いで傾斜がきつい坂が設けられている｡ラスト２４０ｍはほぼ平坦｡芝コース全体の高低差は３.５ｍ｡最後の直線距離はＡコース時､Ｂコース時ともに４１２.５ｍ｡前半からペースが速くなりやすいコース形態｡スローペースはほとんどなく､スプリント戦ならではの激しい攻防が繰り広げられる｡距離的に逃げ〜先行馬が有利ではあるが､他場の１２００ｍに比べると差し馬の出番は十分見込める｡５００万クラス以上では逃げ・先行・差し､それぞれ複勝率は互角と考えてよい｡枠順傾向は､いまのところ大きな偏りは見られない｡　●クラス別水準ラップ(３Ｆ-３Ｆ)と勝ち時計　２歳ＯＰ特別･重賞(─)､３歳以上５００万(─)､３歳以上１０００万(─)､３歳以上準ＯＰ･ＯＰ特別(─)､３歳以上重賞(─)",
"CS","2","20130307","07","1200","23","20120303","スタート地点は向正面入口｡緩やかな上り坂を２２０ｍ進んだ後､残り９８０ｍ地点から緩やかな下り坂に入る｡３〜４コーナー部分はすべて下り坂で､最後の直線へ｡ゴール手前３８０ｍ地点より２２０ｍ地点にかけては高低差１.８ｍの急な上り坂｡勾配は１.１４％で､中山競馬場ダートコースに次いで傾斜がきつい坂が設けられている｡ラスト２２０ｍはほぼ平坦｡ダートコース全体の高低差は３.４ｍ｡最後の直線距離は４１０.７ｍ｡東京競馬場に次いで二番目の長さとなっている｡番組は古馬５００万クラスと未勝利戦が中心｡スピードと先行力を生かして､そのまま押し切る正攻法の競馬が求められる｡ペースは確実に速くなるが､好走馬の大半は逃げ・先行馬｡差し・追い込みは決まりにくい｡枠順の有利・不利はなく､１番人気の好走率も高い｡　●クラス別水準ラップ(２Ｆ-３Ｆ)と勝ち時計　２歳ＯＰ特別･重賞(─)､３歳以上５００万(３５.２-３７.１=１.１２.３)､３歳以上１０００万(─)､３歳以上準ＯＰ･ＯＰ特別(─)､３歳以上重賞(─)",
"CS","2","20130307","07","1300","11","20120303","スタート地点は向正面直線入口付近｡緩やかな上り坂を２２０ｍ進んだ後､緩やかな下り坂に入る｡３〜４コーナー部分はすべて下り坂で､最後の直線へ｡ゴール手前３４０ｍ地点より２４０ｍ地点にかけては高低差２.０ｍの急な上り坂｡勾配は２.０％で､中山競馬場芝コースに次いで傾斜がきつい坂が設けられている｡ラスト２４０ｍはほぼ平坦｡芝コース全体の高低差は３.５ｍ｡最後の直線距離はＡコース時､Ｂコース時ともに４１２.５ｍ｡普段は使用されてないコース｡短距離は１２００ｍと１４００ｍが行われているため､今後番組が組まれることは考えにくい｡　●クラス別水準ラップ(２Ｆ-３Ｆ)と勝ち時計　２歳ＯＰ特別･重賞(─)､３歳以上５００万(─)､３歳以上１０００万(─)､３歳以上準ＯＰ･ＯＰ特別(─)､３歳以上重賞(─)",
"CS","2","20130307","07","1400","11","20120303","スタート地点は向正面直線の２コーナー出口付近｡スタートはしばらく緩やかな上り坂｡残り１０８０ｍの地点からは緩やかな下り坂に入る｡３〜４コーナー部分はすべて下り坂で､最後の直線へ｡ゴール手前３４０ｍ地点より２４０ｍ地点にかけては高低差２.０ｍの急な上り坂｡勾配は２.０％で､中山競馬場芝コースに次いで傾斜がきつい坂が設けられている｡ラスト２４０ｍはほぼ平坦｡なお､芝コース全体の高低差は３.５ｍ｡最後の直線距離はＡコース時､Ｂコース時ともに４１２.５ｍ｡３コーナーまでの距離が十分あるため､短距離戦の割には先行争いはあまり激しくならない｡平均ペースか､少し速い流れのどちらかになる｡平均ペースになると逃げ〜先行馬は頑張れる｡だが､少しでも速くなると厳しくなる｡後方から追走して末脚を生かす馬が台頭｡差し馬でもいいが､追い込み馬が強いというめずらしい傾向が出つつある｡そのせいか､枠順傾向も外枠が強い｡内枠は１枠以外､かなり苦戦している｡　●クラス別水準ラップ(２Ｆ-３Ｆ)と勝ち時計　２歳ＯＰ特別･重賞(─)､３歳以上５００万(─)､３歳以上１０００万(─)､３歳以上準ＯＰ･ＯＰ特別(─)､３歳以上重賞(─)",
"CS","2","20130307","07","1400","23","20120303","スタート地点は２コーナー奥のポケット｡芝部分がスタートで､ダートコースに入るまで約２００ｍ芝を走ることになる｡向正面直線途中までは緩い上り坂｡残り９８０ｍ地点からは緩やかな下り坂に入る｡３〜４コーナー部分はすべて下り坂で､最後の直線へ｡ゴール手前３８０ｍ地点より２２０ｍ地点にかけては高低差１.８ｍの急な上り坂｡勾配は１.１４％で､中山競馬場ダートコースに次いで傾斜がきつい坂が設けられている｡ラスト２２０ｍはほぼ平坦｡ダートコース全体の高低差は３.４ｍ｡最後の直線距離は４１０.７ｍ｡東京競馬場に次いで二番目の長さとなっている｡東京ダート１６００ｍを彷彿とさせるコース設定｡重賞はプロキオンＳが行われるようになった｡芝部分を走る距離が長いせいか､外枠の好走数はなかなか多い｡スタートから４コーナーまで淀みないペースが続き､追い出しは最後の直線に入ってからでも間に合う｡前が止まれば､坂を駆け上がってからの鮮やかな差し切りが見られる｡差し馬の好走率は先行馬に迫っている｡だが､一番多いのは逃げ切り｡１２００ｍよりは落ちるが､複勝率は４０％を超え､回収率も高い｡　●クラス別水準ラップ(２Ｆ-３Ｆ)と勝ち時計　２歳ＯＰ特別･重賞(─)､３歳以上５００万(３５.３-１２.３-３７.６=１.２５.２)､３歳以上１０００万(─)､３歳以上準ＯＰ･ＯＰ特別(─)､３歳以上重賞(─)",
"CS","2","20130307","07","1600","11","20120303","１〜２コーナーにある斜めの引き込み線からのスタート｡スタート後まもなく左にカーブして本線に合流する｡向正面直線途中まで緩い上り坂｡３コーナー手前､残り１０８０ｍ地点から緩やかな下り坂に入る｡３〜４コーナー部分はすべて下り坂で､最後の直線へ｡ゴール手前３４０ｍ地点より２４０ｍ地点にかけては高低差２.０ｍの急な上り坂｡勾配は２.０％で､中山競馬場芝コースに次いで傾斜がきつい坂が設けられている｡ラスト２４０ｍはほぼ平坦｡芝コース全体の高低差は３.５ｍ｡最後の直線距離はＡコース時､Ｂコース時ともに４１２.５ｍ｡斜めの引き込み線からのスタートで､すぐに本線に合流するカーブがあることから､札幌芝１５００ｍや中山芝１６００ｍを連想させるコース形態｡しかしながら､外枠が不利ということは全くなく､基本的にはフラットと考えてよい｡スタート直後の１ハロンがあまり速くならないため､スローペースになることが多い｡平均ペースが最も多く､ハイペースはやや少ない｡基本的にはどんな脚質の馬でも活躍ができる舞台だが､ペースの読みに応じて狙い馬を定めたいところ｡　●クラス別水準ラップ(２Ｆ-３Ｆ)と勝ち時計　２歳ＯＰ特別･重賞(─)､３歳以上５００万(─)､３歳以上１０００万(─)､３歳以上準ＯＰ･ＯＰ特別(─)､３歳以上重賞(─)",
"CS","1","20080815","07","1700","23","19860101","スタート地点はホームストレッチの左端｡４コーナーを回り終わってすぐのところ｡最初の１コーナーまでは､ある程度距離があるので､枠順の有利･不利はあまりない｡しかし､最初のコーナーまでの各馬の出方はレースの流れを大きく左右する｡他場のダート１７００ｍに比べて逃げ切るのが難しいので､テンからガツガツ行くと最後の直線で脚があがる｡しかし､小回りコースなので基本的には先行力は必要｡好位から抜け出すのがベストだ｡後方一気は難しいが､マクリ差しは決まりやすい｡このあたりは展開次第｡予想の際にはメンバーの脚質を考え､ペースを読む癖をつけたい｡また､芝１２００ｍと同様にこのコースを得意としている馬が出現しやすい｡予想の際には､コース巧者に注意したい｡重賞競走は組まれていないが､５００万クラスを中心に中京のダート戦では､この１７００ｍが最も多くレースが組まれている｡",
"CS","1","20080815","07","1800","11","19860101","スタート地点は正面スタンド左斜め前あたり｡ゴール地点を１回通りすぎで､そのまま１周するコース｡最初の１コーナーまであまり距離がないため､逃げ･先行馬が多い場合は､スタートから主導権争いが激しくなることがある｡１〜２コーナーを回り､向正面に入っても前の隊列が落ち着かないこともある｡フルゲートは１６頭だが､枠順の有利･不利はある｡内枠の方が断然有利で､５枠より外枠は成績が落ちる｡外枠を引いて終始外を回らされると厳しい｡道中最初のペースがあまり速くならなければ､前に行っている馬の方が当然好走しやすい｡人気薄の逃げ馬がそのまま逃げ切って大きな配当が出やすいコースでもある｡差し･追い込み馬でも直線の入り口では､ある程度の位置に押し上げている必要がある｡",
"CS","2","20130307","07","1800","23","20120303","スタート地点はホームストレッチの真ん中より左寄り｡上り坂の途中がスタート地点となる｡一周目のゴール板前を過ぎて１コーナーへ｡１〜２コーナーはほぼ平坦｡向正面直線に入り､しばらくは緩い上り坂｡残り９８０ｍ地点から緩やかな下り坂に入る｡３〜４コーナー部分はすべて下り坂で､最後の直線へ｡ゴール手前３８０ｍ地点より２２０ｍ地点にかけては高低差１.８ｍの急な上り坂｡勾配は１.１４％で､中山競馬場ダートコースに次いで傾斜がきつい坂が設けられている｡ラスト２２０ｍはほぼ平坦｡ダートコース全体の高低差は３.４ｍ｡最後の直線距離は４１０.７ｍ｡東京競馬場に次いで二番目の長さとなった｡１８００ｍは中央場所でスタンダードとなっているダート中距離｡重賞は東海Ｓが行われるようになった｡上級クラスでは平均から速めのペースで流れるのが基本｡一定のスピードを最後まで持続できるかどうかという､いかにもダート戦らしい資質が要求される｡大きいコースのため逃げ切りは難しく､先行抜け出しが王道｡差しは決まるが､追い込みは厳しい｡下級条件ではスローペースになることが多々あるので注意が必要｡その場合は先手を奪った馬がそのまま逃げ切る可能性が高い｡枠順はほぼフラットだが､不思議と中枠､特に１０番ゲートの勝率が図抜けて高い｡今後も見守っていきたい特徴だ｡種牡馬はヘイロー系とロベルト系が上位を占めており､芝中距離に近い傾向が見て取れる｡　●クラス別水準ラップ(２Ｆ-３Ｆ)と勝ち時計　２歳ＯＰ特別･重賞(─)､３歳以上５００万(３７.７-３８.６-３７.７=１.５４.０)､３歳以上１０００万(─)､３歳以上準ＯＰ･ＯＰ特別(─)､３歳以上重賞(─)",
"CS","2","20130307","07","1900","23","20120303","スタート地点はホームストレッチの左｡ゴール前急坂の手前からとなる｡一周目のゴール板前を過ぎて１コーナーへ｡１〜２コーナーはほぼ平坦｡向正面直線に入り､しばらくは緩い上り坂｡残り９８０ｍ地点から緩やかな下り坂に入る｡３〜４コーナー部分はすべて下り坂で､最後の直線へ｡ゴール手前３８０ｍ地点より２２０ｍ地点にかけては高低差１.８ｍの急な上り坂｡勾配は１.１４％で､中山競馬場ダートコースに次いで傾斜がきつい坂が設けられている｡ラスト２２０ｍはほぼ平坦｡ダートコース全体の高低差は３.４ｍ｡最後の直線距離は４１０.７ｍ｡東京競馬場に次いで二番目の長さとなっている｡番組は古馬５００万クラスを中心に､１０００万クラスの特別戦が少々という構成｡前半のペースが遅くなる傾向があり､全体的に１８００ｍよりもペースがやや緩みがち｡平均ペースの流れが最も多い｡逃げから差しまで満遍なく好走馬は出しているものの､力がある馬が先手を奪うことができれば､そのまま残る確率が高い｡追い込みはかなり厳しい｡枠順傾向はサンプル数が少ないながら､外目の枠の好走馬が多くなっている｡　●クラス別水準ラップ(２Ｆ-３Ｆ)と勝ち時計　２歳ＯＰ特別･重賞(─)､３歳以上５００万(─)､３歳以上１０００万(─)､３歳以上準ＯＰ･ＯＰ特別(─)､３歳以上重賞(─)",
"CS","1","20080815","07","2000","11","19860101","スタート地点はホームストレッチにある４コーナーのポケット｡芝１８００ｍのスタート地点から真っ直ぐ２００ｍ伸ばした位置にあり､コースをグルリと１周する｡最初の１コーナーまで４８７ｍあるので､各馬じっくり構えてレースをすることが出来る｡枠順の有利･不利はほとんどない｡前半スローペースで流れて､向正面の３コーナー手前から一気に流れが速くなるのが特徴｡３〜４コーナーのカーブはきついが､微妙に下り坂になっているので､外からのマクリ差しも決まりやすい｡脚質にかかわらずロングスパートの競馬に長けた馬が好走しやすい｡特に京都外回りの芝１８００ｍ､阪神芝２０００ｍで好走実績がある馬が強い｡ただし､芝１８００ｍほど逃げ馬は残れない｡先行･中団位置から終いしっかりと脚を伸ばせる馬でないとなかなか勝てない｡底力が問われ､中央場所の芝２０００ｍに通ずる厳しさがある｡",
"CS","2","20130307","07","2000","11","20120303","ホームストレッチ中央から左寄り､上り坂の途中からのスタート｡一回目のゴール板前を過ぎた後､グルリと一周する｡１〜２コーナーのカーブは緩い上り坂で､残り１０８０ｍ地点まで続く｡その後は緩やかな下り坂に入る｡３〜４コーナー部分はすべて下り坂で､最後の直線へ｡ゴール手前３４０ｍ地点より２４０ｍ地点にかけては高低差２.０ｍの急な上り坂｡勾配は２.０％で､中山競馬場芝コースに次いで傾斜がきつい坂が設けられている｡ラスト２４０ｍはほぼ平坦｡芝コース全体の高低差は３.５ｍ｡最後の直線距離はＡコース時､Ｂコース時ともに４１２.５ｍ｡改装によって大きく変貌を遂げたコース｡前半のペースがかなり遅くなることが増え､結果としてスローペースの上がり勝負というレースが格段に増えた｡全体の半分ぐらいはスローペースと考えてよい｡４０％弱が平均ペースで､残りがハイペースというイメージ｡ペースが落ち着くと逃げ馬を中心に､前で残る確率が高まる｡平均ペースであれば先行馬が有利｡その際の逃げ馬と差し馬は互角｡枠順は８枠だけが不利で､その他はフラット｡特に多頭数での１６番ゲートよりも外はかなり厳しい｡　●クラス別水準ラップ(２Ｆ-３Ｆ)と勝ち時計　２歳ＯＰ特別･重賞(─)､３歳以上５００万(─)､３歳以上１０００万(─)､３歳以上準ＯＰ･ＯＰ特別(─)､３歳以上重賞(─)",
"CS","2","20130307","07","2200","11","20120303","４コーナーにあるポケットからのスタート｡正面スタンド前直線をほぼ目いっぱい使い､１コーナーのカーブに入る｡１〜２コーナーのカーブは緩い上り坂で､残り１０８０ｍ地点まで続く｡その後は緩やかな下り坂に入る｡３〜４コーナー部分はすべて下り坂で､最後の直線へ｡ゴール手前３４０ｍ地点より２４０ｍ地点にかけては高低差２.０ｍの急な上り坂｡勾配は２.０％で､中山競馬場芝コースに次いで傾斜がきつい坂が設けられている｡ラスト２４０ｍはほぼ平坦｡芝コース全体の高低差は３.５ｍ｡最後の直線距離はＡコース時､Ｂコース時ともに４１２.５ｍ｡前半から中盤にかけてのペースが速くならないため､全体的にペースは遅くなる｡平均ペースが最も多いが､超スローペースになることがあるので注意が必要だ｡後半からゴールにかけては一定のラップが続き､そこでのロングスパートが要求される｡これは芝２２００ｍ特有の競馬｡他場でもいいので芝２２００ｍで好走実績がある馬を狙いたい｡枠順は芝２０００ｍほどではないが､８枠がやや不利｡多頭数の際は気を付けたい｡また､比較的上位人気馬の好走率が高く､特に１番人気の信頼度は高い｡　●クラス別水準ラップ(２Ｆ-３Ｆ)と勝ち時計　２歳ＯＰ特別･重賞(─)､３歳以上５００万(─)､３歳以上１０００万(─)､３歳以上準ＯＰ･ＯＰ特別(─)､３歳以上重賞(─)",
"CS","1","20080815","07","2300","23","19860101","スタート地点は向正面真ん中よりやや右｡スタンド･ゴールからはほぼ真向かいの位置になり､ちょうどコースを１周半することになる｡長丁場のレースだが､ダート戦なのでスローペースの瞬発力勝負にはなりにくい｡終始平均ペースで流れ､スタミナと同時にスピードの持続力が問われる｡したがって､スタート直後の先手争いはやや激しくなる｡最初の３〜４コーナーでいい位置を取れないと厳しくなる｡６回コーナーを回るので馬群が縦長になりやすく､道中終盤での挽回は利きにくい｡特にＯＰクラスのレースになると､前に行っている馬がなかなかバテない｡先行力が必須で､後方からの追い込みは決まりにくい｡このコースで行われるレース数は少なく､下級条件よりも上級クラスのレースが組まれている｡ＪＲＡの最長距離ダート重賞であるＧ２の東海Ｓが行われるので有名だ｡",
"CS","1","20080815","07","2500","11","19860101","５００万クラスや１０００万クラスが中心に組まれているコースだが､長距離ならではの駆け引きが問われる味わい深いコース｡スタート地点は向正面の中間あたり｡コース全体を約１周半する｡スタート直後すぐに３コーナーに差し掛かるが､先行争いはそれほど激しくならない｡枠順の有利･不利はあまりない｡逃げたい馬にとっては内枠の方がいいのは間違いないが､長距離戦なので前半はペースが遅くなり､多少外目の枠でも無理せずハナを奪いに行ける｡逃げ馬が有利なコースでもないので､前半は各馬折り合いに気をつけてレースを進めたいところ｡逃げ馬を見ながら好位に位置し､先行抜け出しの競馬が理想｡ハイペースにはなりにくく､後方からの差し･追い込みで勝つのは困難｡３〜４コーナーでマクリ気味に進出し､４コーナーでは射程圏内に位置している必要がある｡",
"CS","2","20130307","07","2500","23","20120303","スタート地点は向正面直線の真ん中よりやや左｡坂の頂上付近｡緩い下り坂から入り､３〜４コーナー部分も下り坂｡ホームストレッチに入り､一周目のゴール板前を通過して１コーナーへ｡１〜２コーナーはほぼ平坦｡向正面直線に入り､しばらくは緩い上り坂｡残り９８０ｍ地点から先ほどの緩やかな下り坂に入る｡再び３〜４コーナーを経て最後の直線へ｡ゴール手前３８０ｍ地点より２２０ｍ地点にかけては高低差１.８ｍの急な上り坂｡勾配は１.１４％で､中山競馬場ダートコースに次いで傾斜がきつい坂が設けられている｡ラスト２２０ｍはほぼ平坦｡ダートコース全体の高低差は３.４ｍ｡最後の直線距離は４１０.７ｍ｡東京競馬場に次いで二番目の長さとなっている｡新装後は全く番組が組まれず､１２年１２月８日にようやく古馬５００万クラスの平場戦が組まれた｡その際は前半から中盤の途中まで完全なスローペースとなった｡後半１０００ｍでは１２秒台半ばから後半のラップがゴールまで続いた｡ダートの長丁場らしく､スローペースとなっても極端に速い上がりは必要としない｡脚が上がってしまうようなスタミナ戦となるので､中距離とはまた違う適性が要求される｡序盤の位置取りはどこでもいいが､４コーナーで好位に取り付ける馬でないと好走するのは厳しいと思われる｡　●クラス別水準ラップ(２Ｆ-３Ｆ)と勝ち時計　２歳ＯＰ特別･重賞(─)､３歳以上５００万(─)､３歳以上１０００万(─)､３歳以上準ＯＰ･ＯＰ特別(─)､３歳以上重賞(─)",
"CS","2","20130307","07","3000","11","20120303","スタート地点は向正面直線入口｡芝１３００ｍのスタート地点よりわずかに左｡コース全体を一周半回る｡スタート後は緩やかな上り坂を進んだ後､３コーナー手前から緩やかな下り坂に入る｡３〜４コーナー部分はすべて下り坂で､ホームストレッチに入る｡ゴール板を過ぎて１コーナーへ｡１〜２コーナーは緩い上り坂｡２周目の向正面直線に入る｡再び３〜４コーナーを経て､最後の直線へ｡ゴール手前３４０ｍ地点より２４０ｍ地点にかけては高低差２.０ｍの急な上り坂｡勾配は２.０％で､中山競馬場芝コースに次いで傾斜がきつい坂が設けられている｡ラスト２４０ｍはほぼ平坦｡芝コース全体の高低差は３.５ｍ｡最後の直線距離はＡコース時､Ｂコース時ともに４１２.５ｍ｡普段は使用されてないコース｡芝３０００ｍ以上の番組そのものが少ないので､特別なことがない限り使用されることはなさそうだ｡　●クラス別水準ラップ(２Ｆ-３Ｆ)と勝ち時計　２歳ＯＰ特別･重賞(─)､３歳以上５００万(─)､３歳以上１０００万(─)､３歳以上準ＯＰ･ＯＰ特別(─)､３歳以上重賞(─)",
"CS","2","20120228","08","1200","17","19860101","スタート地点は向正面直線半ば付近｡３コーナーにかけていきなり上り坂になっており､中山芝１２００ｍとはちょうど対照的になっている｡３〜４コーナーのカーブは内回りコースを使用｡３コーナー入り口付近にある坂の頂上からは下り坂で､一気に駆け下りることになる｡最後の直線は平坦で､Ａコース時は３２８ｍ､Ｂ､Ｃ､Ｄコースは３２３ｍ｡最後の直線距離は中央場所の中で中山に次いで短い｡基本的には前傾ラップだが､前後半３ハロンのラップ差があまりないことが特徴｡３歳以上重賞の水準ラップでは後半３ハロンの方が速くなっている｡あと､各クラスの時計差も案外少ない｡ＡコースとＢコース時は逃げ･先行馬が圧倒的に有利｡Ｃコース､Ｄコース時になると､差し馬の台頭が多くなり､連対率は逃げ･先行･差しがほぼ互角になっている｡京都特有の軽い馬場に適応が必要なのは全脚質共通｡枠順はほぼフラット｡種牡馬成績はサクラバクシンオー圧倒的に強い｡勝ち鞍･回収率ともに優秀だ｡以下､タイキシャトル､フジキセキ､コロナドズクエスト､アドマイヤベガ､スウェプトオーヴァーボードらが続く｡ダンスインザダーク､アグネスタキオン､キングヘイローは苦戦傾向｡　●クラス別水準ラップ(３Ｆ-３Ｆ)と勝ち時計　２歳ＯＰ特別･重賞(─)､３歳以上５００万(３４.０-３４.８=１.０８.８)､３歳以上１０００万(３４.２-３４.４=１.０８.６)､３歳以上準ＯＰ･ＯＰ特別(３４.１-３４.３=１.０８.４)､３歳以上重賞(３４.１-３３.９=１.０８.０)",
"CS","2","20120228","08","1200","24","19860101","スタート地点は向正面の２コーナー出口｡３コーナーまでは約４００ｍ｡スタート後の２００ｍ通過付近から高低差３.０ｍのなだらかな坂を上る｡芝コースと同様に３コーナー入口が坂の頂上で､３〜４コーナーの下り坂を経て直線へ｡最後の直線は平坦で３２９ｍ｡３歳以上準ＯＰ･ＯＰ特別の水準勝ち時計は１分１０秒９で､実は最後の直線に坂がある阪神ダート１２００ｍとそれほど変わらない｡スタート直後から激しい先行争いが繰り広げられるのは自然｡それでも行き切って押し切ることができる｡特に５００万クラスでは逃げ切り勝ちが多い｡逆にクラスが上がるほど逃げ切るのは困難｡差しが決まりやすい｡追い込みだけはどのクラスでも厳しい｡トータルとしては好スタートからスッと好位に付け､最後の直線で抜け出すパターンがベスト｡枠順はほぼフラット｡種牡馬成績はクロフネがトップで､回収率もかなり高い｡以下､タイキシャトル､ゴールドアリュール､トワイニング､フジキセキ､サクラバクシンオーらが続く｡キングカメハメハ､チーフベアハート､ワイルドラッシュ､エルコンドルパサー､アグネスタキオンなど中距離タイプはやや苦しい｡　●クラス別水準ラップ(３Ｆ-３Ｆ)と勝ち時計　２歳ＯＰ特別･重賞(─)､３歳以上５００万(３５.４-３６.８=１.１２.２)､３歳以上１０００万(３４.７-３６.７=１.１１.４)､３歳以上準ＯＰ･ＯＰ特別(３４.７-３６.２=１.１０.９)､３歳以上重賞(─)",
"CS","2","20120228","08","1400","17","19860101","スタート地点は向正面２コーナーのポケット｡芝１２００ｍのスタート地点から真っすぐ２００ｍ下がった場所になる｡芝１４００ｍの内回りは２歳､３歳限定の新馬､未勝利､５００万クラスのレースのみで使用｡上級クラスでは使われないため､あまりメジャーではないが､レース数は内回りの方が多い｡最後の直線は平坦で､Ａコース時が３２８ｍ､Ｂ､Ｃ､Ｄコース時が３２３ｍ｡最後の直線距離は中央場所の中で中山に次いで短い｡３歳５００万クラスの前後半３ハロンの水準ラップはほぼ同じ｡１２００ｍほどテンから飛ばしていく馬は少ないが､すんなり先行争いが落ち着くこともない｡勝負どころは直線入り口｡ここでのポジションが結果に大きく影響する｡先行勢は内々をロスなく回るため､後方勢が内を突くのは困難｡そのため外を回るしかないので､当然その分ロスは大きくなる｡なるべくロスをしないように捌けるかがポイント｡好走馬は先行馬と差し馬が大半で､勝率･連対率･複勝率は先行馬が圧倒的にいい｡なお､２歳５００万クラスの水準時計は３歳５００万クラスとほぼ同じだ｡枠順の有利･不利はほとんどない｡種牡馬成績は､デュランダル､タイキシャトル､スペシャルウィーク､マンハッタンカフェ､フジキセキなど上位はヘイロー系｡サクラバクシンオー､クロフネは不振｡　●クラス別水準ラップ(３Ｆ-１Ｆ-３Ｆ)と勝ち時計　２歳ＯＰ特別･重賞(─)､３歳以上５００万(３４.９-１１.７-３５.０=１.２１.６)､３歳以上１０００万(─)､３歳以上準ＯＰ･ＯＰ特別(─)､３歳以上重賞(─)",
"CS","2","20120228","08","1400","18","19860101","スタート地点は向正面左､２コーナー出口付近｡２歳､３歳のオープンクラス､３歳以上の５００万クラス以上のレースで使用される｡内回りコース同様に３コーナーまでの直線は長いが､３〜４コーナーのカーブが緩く､勾配がキツイのが特徴｡４コーナーにかけて下り坂になっている｡高低差は４.３ｍ(内回りは３.１ｍ)になる｡最後の直線は平坦で､Ａコース時が４０４ｍ､Ｂ､Ｃ､Ｄコース時が３９９ｍ｡水準ラップでは一定した平均的な流れになっているが､実際にはレースによってさまざま｡スローペースになることもあれば､逃げ馬が飛ばしてハイペースになることもなる｡展開の読みが予想する上でも大きなポイントとなる｡そして､スプリンターとマイラー両方どちらもこなしやすい条件で､どちらを選んで買うか､という判断も必要になってくる｡脚質的には先行〜差しが中心だが､逃げ馬が侮れない｡Ａ､Ｂ､Ｃ､Ｄコースいずれにおいても逃げ馬の単勝回収率が高い｡一発を狙うならば､追い込みよりも断然逃げ切り｡京都特有の軽い馬場に適応が必要なのは全脚質共通｡枠順はほぼフラット｡種牡馬成績はサクラバクシンオーがトップ｡京都芝１２００ｍほど優勢ではないが､内回りの芝１４００ｍよりはマシ｡あとはタイキシャトル､アグネスデジタル､フレンチデピュティ､スペシャルウィーク､グラスワンダーらが上位｡ダンスインザダーク､マイネルラヴ､タニノギムレットはひと息｡　●クラス別水準ラップ(３Ｆ-１Ｆ-３Ｆ)と勝ち時計　２歳ＯＰ特別･重賞(３５.０-１１.９-３５.２=１.２２.１)､３歳以上５００万(３５.１-１１.６-３５.０=１.２１.７)､３歳以上１０００万(３５.３-１１.６-３４.８=１.２１.７)､３歳以上準ＯＰ･ＯＰ特別(３５.１-１１.５-３４.５=１.２１.１)､３歳以上重賞(３４.５-１１.４-３４.５=１.２０.４)",
"CS","2","20120228","08","1400","24","19860101","スタート地点は向正面２コーナー奥のポケット｡２コーナーの引き込み線は芝コースになっており､ダート１２００ｍから２００ｍ延長した部分はほとんどが芝になっている｡３コーナーまでは約６００ｍと長い｡スタート後の４００ｍ通過付近から高低差３.０ｍのなだらかな坂を上る｡芝コースと同様に３コーナー入口が坂の頂上で､３〜４コーナーの下り坂を経て直線へ｡最後の直線は平坦で３２９ｍ｡スタート後､２００ｍほど芝の部分を走るので､テンにスピードがつきやすい｡前半３ハロンは１２００ｍとほぼ変わらない｡ハイペースは必至｡ただ､最後の直線が平坦な分､なだれ込みは利く｡逃げ馬と先行馬が中心で好走率はほぼ互角も､オープンクラスの方が逃げ馬の好走が多くなっている｡外枠に行くほど芝を長く走ることになるが､単純に外枠が有利というわけではない｡ほぼフラット見ていいだろう｡種牡馬成績は､ダート１２００ｍ同様にクロフネがトップ｡ただし､回収率は良くない｡以下､ブライアンズタイム､アフリート､サウスヴィグラスらが上位｡フジキセキは２着が多い｡コマンダーインチーフ､タニノギムレット､エルコンドルパサーなど中距離血統はやや厳しい｡バブルガムフェローもそれほどよくない｡　●クラス別水準ラップ(３Ｆ-１Ｆ-３Ｆ)と勝ち時計　２歳ＯＰ特別･重賞(─)､３歳以上５００万(３５.３-１２.４-３７.２=１.２４.９)､３歳以上１０００万(３４.９-１２.１-３７.２=１.２４.２)､３歳以上準ＯＰ･ＯＰ特別(３４.９-１２.１-３６.７=１.２３.７)､３歳以上重賞(─)",
"CS","2","20120228","08","1600","17","19860101","スタート地点は向正面２コーナーのポケット｡外回りの芝１６００ｍよりも左寄りの位置になる｡スタートから３コーナーまで､約７００ｍ(Ａコース時)の長い直線を走る｡向正面半ばからは徐々に坂を上り､３コーナーのところで頂上を迎える｡そして４コーナーにかけて下るというレイアウト｡最後の直線は平坦で､Ａコース時が３２８ｍ､Ｂ､Ｃ､Ｄコース時が３２３ｍ｡最後の直線距離は中央場所の中で中山に次いで短い｡内回りは芝１４００ｍと同じで､２歳､３歳限定の新馬､未勝利､５００万クラスのレースで使用されている｡記載している水準ラップと勝ち時計は３歳限定の５００万クラスでのもの｡前後半の３ハロンはほぼイーブンか､前半の方が速くなるケースが多い｡それでも最後の直線入り口ではある程度前目のポジションにいる必要がある｡仮柵の位置にかかわらず逃げ馬の連対率が３０％以上ある｡追い込みは不利｡枠順の有利･不利はほとんどない｡種牡馬成績はアグネスタキオンがトップ｡ディープインパクト産駒の成績もかなりいい｡以下､ダンスインザダーク､フジキセキ､ネオユニヴァースとサンデーサイレンスの系統が非常に強い｡　●クラス別水準ラップ(３Ｆ-２Ｆ-３Ｆ)と勝ち時計　２歳ＯＰ特別･重賞(─)､３歳以上５００万(３５.３-２４.３-３５.３=１.３４.９)､３歳以上１０００万(─)､３歳以上準ＯＰ･ＯＰ特別(─)､３歳以上重賞(─)",
"CS","2","20120228","08","1600","18","19860101","スタート地点は向正面の２コーナーのポケット｡芝１６００ｍ(内回り)のスタートより若干右寄りに位置する｡３コーナーまでは一直線で距離は約７００ｍ(Ａコース時)もある｡向正面半ばからは徐々に坂を上り､３コーナーのところで頂上を迎える｡そして４コーナーにかけて下るというレイアウト｡内回りより勾配はキツく､高低差は４.３ｍ(内回りは３.１ｍ)になる｡最後の直線は平坦で､Ａコース時が４０４ｍ､Ｂ､Ｃ､Ｄコース時が３９９ｍ｡全体像としてはスタートからゴールまで淀みないラップが続く｡前後半の３ハロンの水準ラップは各クラスでさほど変わらない｡中盤の２ハロンの厳しさがクラスの差に繋がる｡古馬重賞になると､中間に１２秒台のラップが入るかどうかという感じ｡中盤が緩むとその分､上がり３ハロンが速くなる｡１１秒台のラップが続くことになり､この上がりを後方から差すにはかなりの瞬発力が必要だ｡勝負どころは直線入り口､内回りとの合流地点｡ここで馬群がバラけるので､騎手のコース取りが重要になる｡基本的に先行馬有利だが､中団以降に待機する馬もタイトにコーナーを回れば､直線で急浮上というシーンも多い｡クラスが上がると､差し､追い込み馬の活躍が多くなる｡なお､２歳重賞の水準勝ち時計はデイリー杯２歳Ｓが対象｡同レースの時期は馬場の影響で､かなり速い時計が出る｡脚質はＡコース時のみ逃げ馬の成績がいい｡その他は先行馬か差し馬が大半｡枠順はほぼフラットだが､多頭数の外はやや厳しい｡種牡馬成績はアグネスタキオン､マンハッタンカフェ､ダンスインザダーク､キングカメハメハ､ホワイトマズルら上位｡速い脚が要求される馬場だが､オペラハウス､Ｓｉｎｇｓｐｉｅｌ､テイエムオペラオーといったサドラーズウェルズの系統が案外強い｡クロフネ､フレンチデピュティは連対数こそあるが､回収率･連対率などは低い｡サクラバクシンオー､マイネルラヴといったスプリントタイプの血統も苦戦傾向｡　●クラス別水準ラップ(３Ｆ-２Ｆ-３Ｆ)と勝ち時計　２歳ＯＰ特別･重賞(３４.５-２４.０-３５.０=１.３３.５)､３歳以上５００万(３５.６-２４.２-３５.２=１.３５.０)､３歳以上１０００万(３５.２-２４.２-３４.８=１.３４.２)､３歳以上準ＯＰ･ＯＰ特別(３５.２-２３.７-３４.８=１.３３.７)､３歳以上重賞(３４.８-２３.７-３４.８=１.３３.３)",
"CS","2","20120228","08","1800","18","19860101","スタート地点は２コーナー奥のポケット｡向正面の直線を目一杯使うことになり､３コーナーまでの距離は約９００ｍ(Ａコース時)もある｡向正面半ばからは徐々に坂を上り､３コーナーのところで頂上を迎える｡そして４コーナーにかけて下るというレイアウト｡外回りコース使用で高低差は４.３ｍ(内回りは３.１ｍ)｡最後の直線は平坦で､Ａコース時が４０４ｍ､Ｂ､Ｃ､Ｄコース時が３９９ｍ｡スタートから最初のコーナーまでの距離がかなり長いため､前半はゆったり流れるケースが多い｡そこで逃げ､先行馬が飛ばすと､かなり縦長な隊列となる｡中盤にペースが少し落ちつき､３コーナーのラスト８００ｍ付近から徐々にペースアップ｡直線に向いてからは完全に瞬発力勝負｡速い脚がない馬は早めに動かなければならない｡なお､３歳以上重賞の水準勝ち時計は０５年以前の京阪杯を参考にしている｡きさらぎ賞の水準勝ち時計は約３秒遅い｡脚質は先行馬と差し馬が中心｡Ｄコース時のみ逃げ馬の成績が少しいいが､実力馬でないと逃げ切るのは困難だ｡追い込みも勝ち切るのは容易ではなく､２､３着が多くなっている｡枠順はほぼフラット｡種牡馬成績はダンスインザダーク､アグネスタキオン､シンボリクリスエス､スペシャルウィーク､キングカメハメハが上位｡リファール系のキングヘイロー､ホワイトマズルもいい｡各馬が脚を溜める中､シルポートはスピードと先行力で１頭だけ違う競馬をした｡ヴァイスリージェント系のクロフネ､フレンチデピュティは芝１６００ｍの外回りよりは若干マシな程度｡ステイゴールド､タイキシャトルはひと息｡　●クラス別水準ラップ(３Ｆ-３Ｆ-３Ｆ)と勝ち時計　２歳ＯＰ特別･重賞(３５.３-３６.５-３５.７=１.４７.５)､３歳以上５００万(３５.３-３７.１-３５.１=１.４７.５)､３歳以上１０００万(３５.４-３６.８-３４.９=１.４７.１)､３歳以上準ＯＰ･ＯＰ特別(３５.２-３６.２-３５.２=１.４６.６)､３歳以上重賞(３５.１-３５.５-３４.９=１.４５.５)",
"CS","2","20120228","08","1800","24","19860101","スタート地点はスタンド前の直線半ば付近｡１コーナーまでの距離は約２８０ｍ｡そこから２コーナーへと続き､バックストレッチは約４００ｍ｡ラスト１０００ｍ付近の中盤で､高低差３.０ｍのなだらかな坂を上る｡芝コースと同様に３コーナー入口が坂の頂上で､３〜４コーナーの下り坂を経て直線へ｡最後の直線は平坦で３２９ｍ｡前半３ハロンの水準ラップはクラスが上がるごとに速くなるものの､それほど安定しているわけではない｡メンバーにより､スローペースからハイペースまでさまざまな展開になる｡基本的には逃げ･先行馬が強い｡これは全クラス共通｡ただ､５００万クラスのみまくり差しがよく決まっており､逃げ･先行馬の成績を上回っている｡枠順はやや中枠が良いが､それほど気にする必要はない｡種牡馬成績はクロフネ､ブライアンズタイム､フジキセキ､キングヘイロー､キングカメハメハらが上位で､芝も得意な種牡馬が優秀な成績を収めている｡一方､タイキシャトル､ジャングルポケット､スキャターザゴールド､マリエンバードはひと息｡　●クラス別水準ラップ(３Ｆ-３Ｆ-３Ｆ)と勝ち時計　２歳ＯＰ特別･重賞(─)､３歳以上５００万(３６.８-３８.８-３７.４=１.５３.０)､３歳以上１０００万(３６.５-３８.３-３７.３=１.５２.１)､３歳以上準ＯＰ･ＯＰ特別(３６.１-３８.２-３７.０=１.５１.３)､３歳以上重賞(３５.８-３７.５-３７.２=１.５０.５)",
"CS","2","20120228","08","1900","24","19860101","スタート地点はスタンド前の直線半ばよりやや４コーナー寄り｡１コーナーまでの距離は約３８０ｍ｡そこから２コーナーへと続き､バックストレッチは約４００ｍ｡ラスト１０００ｍ付近の中盤で､高低差３.０ｍのなだらかな坂を上る｡芝コースと同様に３コーナー入口が坂の頂上で､３〜４コーナーの下り坂を経て直線へ｡最後の直線は平坦で３２９ｍ｡かつては積雪時に芝レースがダートに変更になった際のみ使用されていたが､２００９年より通常の番組に組み込まれるようになった｡１０年にはＧ２の東海Ｓが行われたが､不良馬場(１分５５秒４)で行われたため水準勝ち時計からは除いている｡ホームストレッチからのスタートで､流れはダート１８００ｍとほぼ同じ｡１コーナーまでのポジション争いが重要で逃げ･先行勢が有利だ｡ペースが落ち着くのはバックストレッチに入ってから｡そして３コーナー出口付近からペースは上がる｡差し､追い込み馬ならここからロングスパートが必要｡４コーナーで２番手以内の馬の連対率は４０％を超える｡枠順はフラット｡種牡馬成績はアグネスタキオン､クロフネ､ブライアンズタイム､ワイルドラッシュ､ダンスインザダーク､シンボリクリスエスが上位｡京都ダートに共通する､芝も得意な種牡馬が優秀な成績を収めている｡　●クラス別水準ラップ(３.５Ｆ-３Ｆ-３Ｆ)と勝ち時計　２歳ＯＰ特別･重賞(─)､３歳以上５００万(４３.１-３９.０-３７.３=１.５９.４)､３歳以上１０００万(４２.７-３９.０-３７.４=１.５９.１)､３歳以上準ＯＰ･ＯＰ特別(４２.９-３７.８-３６.６=１.５７.３)､３歳以上重賞(─)",
"CS","2","20120228","08","2000","17","19860101","スタート地点は､メインスタンドの目の前｡スタートして間もなくゴール板を過ぎ､１コーナーにさしかかる｡１コーナーまでの距離は約３００ｍ(Ａコース時)｡１〜２コーナーは平坦｡バックストレッチの距離は約４００ｍ｡ここで高低差３.１ｍの坂を上り､３〜４コーナーにかけて下る｡最後の直線は平坦で､Ａコース時が３２８ｍ､Ｂ､Ｃ､Ｄコース時が３２３ｍ｡最後の直線距離は中央場所の中で中山に次いで短い｡重賞は秋華賞が行われる舞台｡同レースの水準ラップでは前後半の３ハロンがほぼイーブン｡全体的によどみがない流れになりやすいが､これは同レース特有の流れ｡下級条件ではスローペースになることが多い｡中盤の４ハロンもゆったりと流れ､上がりの３ハロンが速くなる｡ただし､最後の直線は長くないので､悠然と構えてはいられない｡４コーナーより手前から仕掛けることになる｡小回りの競馬場にも対応できる器用さが求められる｡ＣコースとＤコース時の方が逃げ･先行馬が非常に優勢｡Ａコース･Ｂコース時の方が差し､あるいはまくりが決まっている｡枠順は１コーナーが近いため内枠が有利｡特にフルゲートだと外枠はロスが大きくなってしまう｡ただし､内枠でもスタートが決まらないと､馬群に包まれ､動けなくなるので注意したい｡種牡馬成績はマンハッタンカフェ､スペシャルウィーク､アグネスタキオン､グラスワンダー､ネオユニヴァース､キングカメハメハらが上位｡マヤノトップガン､フレンチデピュティ､ステイゴールド､タニノギムレット､フジキセキはひと息｡　●クラス別水準ラップ(３Ｆ-４Ｆ-３Ｆ)と勝ち時計　２歳ＯＰ特別･重賞(３７.０-５０.０-３５.０=２.０２.０)､３歳以上５００万(３６.１-４９.６-３５.２=２.００.９)､３歳以上１０００万(３６.８-４９.２-３４.６=２.００.６)､３歳以上準ＯＰ･ＯＰ特別(３５.８-４８.７-３４.８=１.５９.３)､３歳以上重賞(３５.２-４８.５-３４.９=１.５８.６)",
"CS","2","20120228","08","2200","18","19860101","スタート地点は正面スタンド前直線入り口付近｡１コーナーまでの距離は約４００ｍ(Ａコース)ある｡１〜２コーナーは平坦｡２コーナーを回ると､約５００ｍのバックストレッチ｡向正面半ばからは徐々に坂を上り､３コーナーのところで頂上を迎える｡そして４コーナーにかけて下るというレイアウト｡外回りコース使用で高低差は４.３ｍ(内回りは３.１ｍ)｡最後の直線は平坦で､Ａコース時が４０４ｍ､Ｂ､Ｃ､Ｄコース時が３９９ｍ｡１コーナーまでの距離が十分あり､テンから飛ばしていく馬は少ない｡よってペースは遅くなりがち｡中盤もゆったり進み､３コーナー過ぎ､坂の頂上付近から一気にペースアップ｡馬群が縦長でもここで隊列がグッと詰まる｡差し､追い込み馬はここでポジションを上げるのがベスト｡ロングスパート合戦になる｡ラスト３ハロンではなく４ハロンで速い脚が要求される｡こうして序盤から構えて､後半勝負という意識がジョッキーにあるので､逃げ馬の動向に注意が必要｡ペースはあまり速くないのに､大逃げという状況が生まれることがある｡０９年エリザベス女王杯を逃げ切ったクィーンスプマンテは典型的｡このような例は､その他にもある｡逃げ馬は後続を引きつけるよりも､離して逃げた時の方が怖い｡全体的にも逃げ･先行馬の活躍が多いコースだ｡枠順の有利･不利はほとんどない｡種牡馬成績は､マンハッタンカフェ､ダンスインザダーク､スペシャルウィークらのサンデーサイレンス系が上位を占めるが､回収率ではいまいち｡好走率と回収率の両面で期待できるのはジャングルポケット､ホワイトマズル｡ロベルト系はグラスワンダーはまずまずだが､マヤノトップガン､タニノギムレット､シンボリクリスエス､ブライアンズタイムはひと息｡クロフネも不振｡　●クラス別水準ラップ(３Ｆ-５Ｆ-３Ｆ)と勝ち時計　２歳ＯＰ特別･重賞(─)､３歳以上５００万(３５.７-６３.４-３５.５=２.１４.６)､３歳以上１０００万(３６.１-６２.８-３４.７=２.１３.６)､３歳以上準ＯＰ･ＯＰ特別(３６.１-６１.６-３５.６=２.１３.３)､３歳以上重賞(３５.９-６１.４-３５.５=２.１２.８)",
"CS","2","20120228","08","2400","18","19860101","スタート地点は４コーナー奥のポケット｡１コーナーまで､スタント前直線を約６００ｍ(Ａコース)駆け抜ける｡１〜２コーナーは平坦｡２コーナーを回ると､約５００ｍのバックストレッチ｡向正面半ばからは徐々に坂を上り､３コーナーのところで頂上を迎える｡そして４コーナーにかけて下るというレイアウト｡外回りコース使用で高低差は４.３ｍ(内回りは３.１ｍ)｡最後の直線は平坦で､Ａコース時が４０４ｍ､Ｂ､Ｃ､Ｄコース時が３９９ｍ｡３歳以上重賞の前半３ハロン水準ラップが３４秒２とかなり速くなっているが､大きく飛ばす逃げ馬の存在がいたため｡１コーナーまでの距離は十分あるし､序盤は淡々と流れる｡中盤に入るとさらに落ち着く｡ただし､クラスが上がるごとに流れは厳しくなる｡勝負どころは３コーナー過ぎ､坂の頂上付近｡そこから徐々にペースアップする｡馬場状態がいい時は､ラスト３ハロンすべてで１１秒台のラップが刻まれる｡京都特有の軽い馬場に適応した､素軽い瞬発力が要求される｡通常は先行馬と差し馬が強い｡ただし､１〜２月開催の時計があまり出ない時期(特にＢコース)は､逃げ馬が強い｡荒れ馬場を苦にしないメンタリティと､バテない渋とさが必要になってくる｡枠順は内〜中枠有利｡種牡馬成績はアグネスタキオン､ダンスインザダーク､スペシャルウィーク､ステイゴールド､マンハッタンカフェ､フジキセキ､ネオユニヴァースとサンデーサイレンス系の種牡馬が上位をほぼ独占｡それに唯一切り込めるのがジャングルポケット｡芝２２００ｍ同様､ロベルト系はあまりよくない｡グラスワンダーもここでは不振｡　●クラス別水準ラップ(３Ｆ-３Ｆ-３Ｆ-３Ｆ)と勝ち時計　２歳ＯＰ特別･重賞(─)､３歳以上５００万(３５.３-３８.７-３８.４-３５.１=２.２７.５)､３歳以上１０００万(３５.４-３７.９-３７.６-３５.７=２.２６.６)､３歳以上準ＯＰ･ＯＰ特別(３５.０-３７.７-３７.７-３４.９=２.２５.３)､３歳以上重賞(３４.２-３７.０-３７.３-３６.１=２.２４.６)",
"CS","2","20120228","08","3000","18","19860101","スタート地点は向正面３コーナー手前の上り坂｡３コーナーまではわずか２００ｍ(Ａコース時)と短い｡３コーナーにかけては上りで､４コーナーへかけては下り坂｡４コーナーを回った最初のホームストレッチではいかに折り合いをつけられるかがポイント｡特に菊花賞ではスタンドの大歓声もあり､ここで取り乱すことなく冷静に走りたい｡そして１コーナー､２コーナーと回り､バックストレッチへ｡そして２回目の３コーナーへ向かうところで､高低差４.３ｍの坂を再び上り､４コーナーにかけて下る｡最後の直線は平坦で､Ａコース時が４０４ｍ､Ｂ､Ｃ､Ｄコース時が３９９ｍ｡例年､菊花賞はＡコースで行われている｡当コースは菊花賞と万葉Ｓのみで施行されている｡３０００ｍという長丁場だが､スタート直後の直線が短いため､出だしがレース展開の大きなカギを握る｡前半は特にポジション取りが重要となり､基本的には好位で内々を回った方が有利｡ペースがグッと落ちるのは中盤に入ってからで､１コーナー手前から向正面へ向くまで｡ペースが徐々に上がっていくのは長いバックストレッチに入ってから｡そこで再び坂を上り､レースが動き出すのはラスト８００ｍ付近の坂の下り｡ここではゆっくり駆け下りるのが鉄則だったが､近年はここからロングスパートをかける馬も多数いる｡固まった馬群の外を回されて４コーナーを迎えると､外に振られてしまい苦しくなる｡枠順は最初のコーナーまでが短い影響で内枠有利｡種牡馬成績はダンスインザダーク､エルコンドルパサー､アドマイヤベガ､ジャングルポケット､ホワイトマズル､バゴらが勝ち馬を輩出｡現役時代に芝２４００ｍ以上のＧ１を制しているよう血は大事で､産駒の長距離適性に繋がる｡　●クラス別水準ラップ(３Ｆ-６Ｆ-３Ｆ-３Ｆ)と勝ち時計　２歳ＯＰ特別･重賞(─)､３歳以上５００万(─)､３歳以上１０００万(─)､３歳以上準ＯＰ･ＯＰ特別(３７.６-７７.１-３７.０-３５.７=３.０７.４)､３歳以上重賞(３６.３-７５.３-３７.８-３５.７=３.０５.１)",
"CS","2","20120228","08","3200","18","19860101","スタート地点は向正面の中間点よりやや２コーナー寄り｡外回りコースを１周半する｡３コーナーまでの距離は約４００ｍ(Ａコース時)｡３コーナーにかけては上りで､４コーナーへかけては下り坂｡４コーナーを回った最初のホームストレッチではいかに折り合いをつけられるかがポイント｡当コースは天皇賞(春)のみで施行されており､ホームストレッチではスタンドの大歓声を受ける｡ここで取り乱すことなく冷静に走りたい｡そして１コーナー､２コーナーと回り､バックストレッチへ｡そして２回目の３コーナーへ向かうところで､高低差４.３ｍの坂を再び上り､４コーナーにかけて下る｡最後の直線は平坦で､Ａコース時が４０４ｍ､Ｂ､Ｃ､Ｄコース時が３９９ｍ｡普通は前半から中盤はゆったり進む｡各馬は折り合いを第一に考え､スタミナを温存させる｡道中１３秒台のラップはいくつか入る｡ただし､折り合いをつけながらもポジション取りは大事｡あまり後方にいては厳しくなる｡隊列が縦長になることもあるが､好位で自在に動ける体勢を作りたい｡そして､ラスト８００ｍ付近からレースが動き出す｡残り８００ｍ〜２００ｍまでは１１秒台のラップが続き､場合によってはラスト１ハロンも１１秒台になる｡ロングスパートに対応しつつ､なおかつ速い上がりが必要｡瞬発力も問われる｡枠順はできれば中から内の枠がほしい｡多頭数の外枠は避けたい｡種牡馬成績はデータが少ないが､オペラハウス､チーフベアハート､サッカーボーイ､ジャングルポケットらが勝ち馬を輩出｡傾向は菊花賞とさほど変わらない｡　●クラス別水準ラップ(３Ｆ-８Ｆ-３Ｆ-３Ｆ)と勝ち時計　２歳ＯＰ特別･重賞(─)､３歳以上５００万(─)､３歳以上１０００万(─)､３歳以上準ＯＰ･ＯＰ特別(─)､３歳以上重賞(３６.８-８６.２-３６.９-３４.９=３.１４.８)",
"CS","2","20120228","09","1200","17","20061202","スタート地点は向正面直線半ばより左寄り｡内回りコース使用で､３コーナーまでの距離は２４３ｍ｡３コーナーまで距離がやや短いので､枠順は真ん中から内側の方が有利だが､最内枠の成績は悪い｡スタート直後から微妙な下り坂になっており､３〜４コーナー中間の残り８００ｍ付近で本格的な下り坂に突入する｡最後の直線距離はＡコース時が３５６.５ｍ､Ｂコース時が３５９.１ｍ｡直線半ばまで下りが続き､残り２００ｍ付近でゴール前の急坂｡約１２０ｍの間に１.８ｍの勾配を一気に駆け上がる｡ＡコースとＢコースでは直線部分で３ｍ､曲線部分で４ｍ幅員が違う｡３歳以上の重賞と準ＯＰ･ＯＰ特別の勝ち時計に大きな差がある理由は､重賞がセントウルＳのみを対象となっているからだ｡秋開催の開幕週という最も時計が出やすい時期に行われるため､勝ち時計が速く､上がりも速い｡結果的に前半３ハロンと後半３ハロンのラップ差がほとんどないという特殊な状況が生まれる｡通常は後半３ハロンの方が時計がグッとかかる前傾ラップだ｡Ａコース時は逃げ･先行馬が有利｡Ｂコースでは逃げ馬が不振で､差し馬が活躍している｡種牡馬成績はサクラバクシンオーがトップ｡ヘイロー系ではダンスインザダーク､アグネスタキオンが上位｡フジキセキとスペシャルウィークはよくない｡あとはミスタープロスペクター系からマイネルラヴ､スウェプトオーヴァーボード｡ノーザンダンサー系ではクロフネ､フレンチデピュティ､キングヘイロー､ファルブラヴが好調｡　●クラス別水準ラップ(３Ｆ-３Ｆ)と勝ち時計　２歳ＯＰ特別･重賞(─)､３歳以上５００万(３４.３-３５.１=１.０９.４)､３歳以上１０００万(３４.２-３４.８=１.０９.０)､３歳以上準ＯＰ･ＯＰ特別(３３.９-３４.８=１.０８.７)､３歳以上重賞(３３.７-３３.９=１.０７.６)",
"CS","2","20120228","09","1200","24","20061202","スタート地点は向正面直線の左端､２コーナー出口｡最初の３コーナーまでの距離は３４２ｍ｡スタートしてから２００ｍは平坦で､残り１０００ｍから緩い下り坂｡４コーナー出口まで下りが続き､最後の直線距離は３５２.５ｍ｡残り２００ｍが急坂となっている｡ダートの短距離なので前傾ラップは当然｡下級条件でも前半３ハロンの平均は３４秒台だ｡京都ダート１２００ｍほど前残りにはなりにくく､差しが決まる｡ただし､短距離戦だけに全体的に見れば逃げ･先行勢が有利｡枠順はおおむねフラット｡頭数､脚質やメンバーによって事情が違ってくるのだが､１２００ｍはダートがスタート地点なので枠順にかかわらず､テンのダッシュ力がある馬が先手を奪いやすい｡ただし､コーナー角度は厳しいので外目に進路を取る馬は上手く回らないと､外に振られる｡芝と同じくパワータイプの馬が優勢｡前で押し切るにも､差すにも馬力が必要になる｡種牡馬成績はサウスヴィグラス､アグネスデジタル､コロナドズクエスト､Ｇｒａｎｄ　Ｓｌａｍ､エルコンドルパサーなどミスタープロスペクター系が上位をにぎわしている｡それ以外の系統ではボストンハーバー､ブライアンズタイム､フレンチデピュティ､クロフネなど｡ヘイロー系ではフジキセキやゴールドアリュールだが､人気通りで穴は少ない｡　●クラス別水準ラップ(３Ｆ-３Ｆ)と勝ち時計　２歳ＯＰ特別･重賞(─)､３歳以上５００万(３４.９-３７.４=１.１２.３)､３歳以上１０００万(３４.８-３６.９=１.１１.７)､３歳以上準ＯＰ･ＯＰ特別(３４.５-３６.４=１.１０.９)､３歳以上重賞(─)",
"CS","2","20120228","09","1400","17","20061202","スタート地点は向正面左､２コーナー出口付近のポケット｡内回りコースを使用｡３コーナーまでの距離は芝１２００ｍをそのまま延長した４４３ｍ｡最初のコーナーまで十分に距離はあるが､スタート直後は各馬押して出て行くため､先行争いは激しくなる｡最後の直線距離はＡコース時が３５６.５ｍ､Ｂコース時が３５９.１ｍ｡ＡコースとＢコースでは直線部分で３ｍ､曲線部分で４ｍ幅員が違う｡前半３ハロンは芝１２００ｍ並の速さで流れる｡中盤の１ハロンも１１秒台のラップを刻み､息が入りにくい｡後半３ハロンは３５秒台｡ゴール前に急坂が待ち構えていることもあり､ラスト１ハロンの時計がグッとかかる｡２歳ＯＰだとスローペースになることがあるが､その他はほぼ確実に前傾ラップになる｡３歳以上のクラス別平均時計は､それぞれあまり差がない｡芝１２００ｍに比べて逃げ馬が残る確率は格段に減る｡先行タイプでもいいが､差し･追い込み馬の好走も多い｡脚質傾向はＡコース､Ｂコースともにほぼ同じ｡枠順は真ん中が若干有利で､あとはほぼフラット｡種牡馬成績はヘイロー系が優秀｡タイキシャトル､アグネスタキオン､フジキセキ､ステイゴールド､アドマイヤベガを中心にたいていは好成績｡割って入ってくるのがグラスワンダー｡同じロベルト系のＲｅｄ　Ｒａｎｓｏｍもいい｡芝１２００ｍで優秀だったサクラバクシンオーやクロフネは好走率がガクンと下がるので注意｡　●クラス別水準ラップ(３Ｆ-１Ｆ-３Ｆ)と勝ち時計　２歳ＯＰ特別･重賞(３５.３-１２.１-３５.３=１.２２.７)､３歳以上５００万(３４.３-１１.７-３５.５=１.２１.５)､３歳以上１０００万(３４.６-１１.７-３５.０=１.２１.３)､３歳以上準ＯＰ･ＯＰ特別(３４.５-１１.５-３５.２=１.２１.２)､３歳以上重賞(３４.４-１１.４-３５.１=１.２０.９)",
"CS","2","20170828","09","1400","24","20061202","スタート地点は２コーナー奥ポケットの芝部分｡ただし､芝１８００ｍや芝１４００ｍのスタート地点であるポケット部分よりも内側にあるコースが使用されており､本線とは重ならない｡ダート１２００ｍのスタート地点からそのまま左に２００ｍ延長したところにある｡３コーナーまでの距離は５４２ｍ｡内枠と外枠では芝コースを走る距離が違い､外枠の方が芝部分を長く走ることになる｡最後の直線距離は３５２.５ｍ｡残り２００ｍが急坂となっている｡テンからペースが厳しくなり､前半３ハロンの平均は１２００ｍと同等かそれ以上｡この部分はクラスの差がほとんどない｡中盤の１ハロンの平均も全クラス１２秒０前後｡よって後半３ハロンの厳しさにクラスの差が現れる｡３歳以上の準ＯＰクラス以上だと､平均は３６秒台｡それでも前半３ハロンよりも時計がかかる｡ハイペースから平均ペースで流れるのが基本｡好走馬の大半は逃げ､先行馬であるが､１２００ｍほど逃げ馬は残れない｡その分､差し､追い込み馬が突っ込んでくる｡枠順はやや８枠が有利｡重賞のプロキオンＳでは､実際に外枠の好走馬が多い｡種牡馬成績はサウスヴィグラス､サクラバクシンオー､ゴールドアリュール､コロナドズクエスト､ワイルドラッシュ､デザートキングなど､バラエティーに富んだ系統が上位で競っている｡全般的にはミスタープロスペクター系が強いコースだ｡阪神ダート１２００ｍで強いボストンハーバー､フレンチデピュティは成績が大きく落ちるので注意したい｡　●クラス別水準ラップ(３Ｆ-１Ｆ-３Ｆ)と勝ち時計　２歳ＯＰ特別･重賞(─)､３歳以上５００万(３４.６-１２.１-３８.２=１.２４.９)､３歳以上１０００万(３４.４-１２.０-３７.９=１.２４.３)､３歳以上準ＯＰ･ＯＰ特別(３４.６-１２.０-３６.９=１.２３.５)､３歳以上重賞(３４.２-１１.９-３６.４=１.２２.５)",
"CS","2","20120228","09","1600","18","20061202","スタート地点はバックストレッチの中間からやや左寄り｡長い直線が２本にコーナーが２回｡外回りの京都芝１６００ｍに似たコース形態となっている｡０６年末にオープンした外回りコースに入り､ゆったりとした３〜４コーナーを回る｡最後の直線距離はＡコース時が４７３.６ｍ､Ｂコース時が４７６.３ｍ｡直線半ばまで下りが続き､残り２００ｍ付近でゴール前の急坂｡約１２０ｍの間に１.８ｍの勾配を一気に駆け上がる｡ＡコースとＢコースでは直線部分で３ｍ､曲線部分で４ｍ幅員が違う｡主にＡコースは開催前半､Ｂコースは開催後半に使用されている｡３歳以上の各クラス平均では､前半３ハロンより後半３ハロンの方が時計が速い｡マイル戦にしてはスローペースになりやすいコースで､展開の読みが常に重要になってくる｡まずは逃げ馬を警戒｡最後に急坂があってもペースが遅いと余力が残っているので､そのまま押し切られてしまう｡先行馬と差し馬はほぼ互角｡追い込み馬だけは割引が必要｡広々としたコースなので末脚も重要だが､一定した速いスピードを持続させるのが得意な馬にも歓迎なコース形態｡枠順の有利･不利はあまりない｡種牡馬成績はスペシャルウィークが勝ち鞍を量産｡フジキセキ､アグネスタキオン､マンハッタンカフェなどヘイローは外せない｡キングカメハメハも非常に得意なコース｡あとはグラスワンダー､タニノギムレット､シンボリクリスエスらロベルト系がいい｡テイエムオペラオー､キングヘイロー､フサイチコンコルドなどのノーザンダンサー系種牡馬はひと息｡　●クラス別水準ラップ(３Ｆ-２Ｆ-３Ｆ)と勝ち時計　２歳ＯＰ特別･重賞(３５.０-２４.３-３５.２=１.３４.５)､３歳以上５００万(３５.６-２４.３-３４.９=１.３４.８)､３歳以上１０００万(３５.５-２３.９-３５.０=１.３４.４)､３歳以上準ＯＰ･ＯＰ特別(３５.２-２３.５-３５.０=１.３３.７)､３歳以上重賞(３５.５-２３.６-３４.３=１.３３.４)",
"CS","2","20120228","09","1800","18","20061202","２コーナー出口付近のポケットからの発走｡芝１６００ｍのスタート地点からそのまま２００ｍバックしたところがスタート地点で､内回りの芝１４００ｍと同じ位置になる｡しかし､外回りコース使用なので､最初のコーナー(３コーナー)まで６００ｍ以上も距離がある｡ゆったりとした３〜４コーナーを回り､最後の直線距離はＡコース時が４７３.６ｍ､Ｂコース時が４７６.３ｍ｡直線半ばまで下りが続き､残り２００ｍ付近でゴール前の急坂｡約１２０ｍの間に１.８ｍの勾配を一気に駆け上がる｡ＡコースとＢコースでは直線部分で３ｍ､曲線部分で４ｍ幅員が違う｡主にＡコースは開催前半､Ｂコースは開催後半に使用されている｡前半３ハロンの平均はマイル戦とほぼ同じ流れ｡各クラスともに３５秒台｡後半３ハロンの平均も各クラス３４秒台後半というめずらしい傾向にある｡よって､中盤の３ハロンの厳しさがクラスの差に繋がる｡一般的には緩むところだが､上のクラスになるほどその度合いが小さい｡基本的には後半に速い脚が必要なので､決め手が問われる｡また､Ａコース時は差し馬が優秀､Ｂコース時は逃げ･先行馬が活躍という傾向がある｡枠順による差はあまりない｡種牡馬成績はアグネスタキオンを筆頭にステイゴールド､マンハッタンカフェ､ダンスインザダーク､フジキセキ､スペシャルウィークとヘイロー系が軒並み上位｡あとはマヤノトップガン､ホワイトマズル､キングカメハメハ､シンボリクリスエスが上位の顔ぶれ｡クロフネ､ジャングルポケット､タイキシャトル､キングヘイローはひと息｡　●クラス別水準ラップ(３Ｆ-３Ｆ-３Ｆ)と勝ち時計　２歳ＯＰ特別･重賞(３５.０-３７.６-３４.７=１.４７.３)､３歳以上５００万(３５.５-３６.９-３４.９=１.４７.３)､３歳以上１０００万(３５.６-３６.５-３４.７=１.４６.８)､３歳以上準ＯＰ･ＯＰ特別(３５.５-３６.１-３４.９=１.４６.５)､３歳以上重賞(３５.２-３６.３-３４.７=１.４６.２)",
"CS","2","20140424","09","1800","24","20061202","スタート地点は正面スタンド前直線の右｡スタートしてすぐに上り坂がある｡１コーナーまでの距離は３０３ｍ｡ゴール板を通り過ぎてからダートコースをグルリと一周｡最後の直線距離は３５２.５ｍ｡残り２００ｍが急坂となっている｡ダート戦特有の傾向として､１８００ｍでも前半の３ハロンが最も速くなるが､レースによってバラツキが出てくる｡ハイペースだと３５秒台､スローペースだと３８秒台で最初の６００ｍを入る｡その後､中盤からゴールまで一定のペースで流れる｡クラスの差は､前半･中盤･後の各３ハロンのペースで表れる｡最初の１コーナーまでの距離は､京都ダート１８００ｍよりも若干長めだが､その分外からも先手を奪いたい馬が殺到｡前へ行きたいのに内枠で出脚が悪いと､詰まって位置取りが悪くなる｡よって､枠順傾向は若干１枠が不利で､８枠が有利｡少頭数だとあまり関係ないが､多頭数になると逃げ､先行馬は中〜外枠の方が競馬がしやすい｡脚質は基本的には先行有利だが､派手なマクリ差しが決まることもある｡上のクラスで道中のペースが厳しいと､特に差しが決まりやすい｡種牡馬成績はトランセンドを輩出したワイルドラッシュが好調｡あとはフジキセキ､クロフネ､アグネスデジタル､キングカメハメハ､マンハッタンカフェ､カリズマティックなどが上位｡系統の偏りはあまりない｡ダンスインザダーク､タイキシャトルは不振｡　●クラス別水準ラップ(３Ｆ-３Ｆ-３Ｆ)と勝ち時計　２歳ＯＰ特別･重賞(─)､３歳以上５００万(３７.２-３８.０-３８.２=１.５３.４)､３歳以上１０００万(３７.４-３７.８-３７.５=１.５２.７)､３歳以上準ＯＰ･ＯＰ特別(３６.９-３７.２-３７.４=１.５１.５)､３歳以上重賞(３６.５-３６.２-３６.９=１.４９.６)",
"CS","2","20120228","09","2000","17","20061202","スタート地点は正面スタンド前直線右の４コーナー出口付近｡１コーナーまでの距離は３２５ｍ｡内回りコース使用で､一周強回る｡最後の直線距離はＡコース時が３５６.５ｍ､Ｂコース時が３５９.１ｍ｡残り２００ｍ付近でゴール前の急坂｡約１２０ｍの間に１.８ｍの勾配を一気に駆け上がる｡ＡコースとＢコースでは直線部分で３ｍ､曲線部分で４ｍ幅員が違う｡主にＡコースは開催前半､Ｂコースは開催後半に使用されている｡スタート直後の２ハロンは先行争いがあって､ある程度速く流れるが､すんなり隊列が決まればその後はガクンとペースが落ちる｡３歳以上の重賞でも前半３ハロンの平均は３６秒台だ｡向正面に入ると完全にペースが落ち着き､３〜４コーナーの中間が残り６００ｍ地点｡後半３ハロンの決め手比べになるが､極端に速い上がりは出ないし､勝ち時計も重賞や馬場が速い時でないと２分を切れない｡切れよりも最後の急坂を一気に駆け上がる力強さが必要だ｡脚質傾向はＡコース時が逃げ馬が強い｡Ｂコースになると逃げ馬の好走率が減り､差し馬が飛んできやすくなる｡先行馬はＡ､Ｂどちらでもあまり変わらない｡枠順はほぼフラット｡フルゲートの外枠でも好走馬が案外出ている｡種牡馬成績はアグネスタキオン､ステイゴールド､ネオユニヴァース､タイキシャトル､スペシャルウィーク､ゴールドアリュールなどヘイロー系が上位｡ただし､フジキセキ､アドマイヤベガはひと息｡メイショウサムソンやテイエムアンコールなどの活躍があり､オペラハウスも上位｡ロベルト系はシンボリクリスエス､タニノギムレット､マヤノトップガンはいいが､ブライアンズタイムは近年不振｡フレンチデピュティ､クロフネ､エルコンコルパサーは出走数の割には結果が出ていない｡　●クラス別水準ラップ(３Ｆ-４Ｆ-３Ｆ)と勝ち時計　２歳ＯＰ特別･重賞(３６.２-４９.５-３６.０=２.０１.７)､３歳以上５００万(３６.９-５０.０-３５.３=２.０２.２)､３歳以上１０００万(３７.０-４９.６-３５.３=２.０１.９)､３歳以上準ＯＰ･ＯＰ特別(３６.３-４９.４-３５.８=２.０１.５)､３歳以上重賞(３６.０-４８.３-３５.２=１.５９.５)",
"CS","2","20120228","09","2000","24","20061202","スタート地点は芝内回りコースの４コーナーのポケット｡最大で芝の上を７８ｍ通ってダートコースに入る｡あとは､ダート１８００ｍと同じルートを通り､グルリと１周｡最後の直線距離は３５２.５ｍ｡残り２００ｍが急坂となっている｡芝スタートであることと､しばらく平坦部分を走れることから､前半３ハロンは阪神ダート１８００ｍよりも速くなっている｡平均は各クラスとも３５〜３６秒台｡１〜２コーナーに入るとペースが落ち着き､向正面も比較的ゆったりした流れ｡しかし､この中盤の４ハロンはクラスが上がるほど厳しくなる｡そして後半は一気のスパート｡ラスト６００ｍで速い上がりを出せる馬が上位入線しやすく､決め手がある馬が有利だ｡もちろんスタミナも問われる｡脚質的には阪神ダート１８００ｍよりもさらに逃げ馬の成績が落ちるが､その代わりマクリが決まりにくくなっている｡基本は先行策｡差し､追い込みは回収率が低く､力がある人気馬を中心に考えたい｡枠順は１枠の成績が極端に悪い｡２枠も今一つで内枠はマイナス材料｡種牡馬成績はクロフネ､ブライアンズタイムが好調｡あとはマンハッタンカフェ､チーフベアハート､カリズマティック､コマンダーインチーフらが上位｡ミスタープロスペクター系は数にモノを言わせて､総合では上位の成績｡特に割り引く必要はない｡　●クラス別水準ラップ(３Ｆ-４Ｆ-３Ｆ)と勝ち時計　２歳ＯＰ特別･重賞(─)､３歳以上５００万(３５.６-５２.９-３８.０=２.０６.５)､３歳以上１０００万(３６.０-５２.４-３７.３=２.０５.７)､３歳以上準ＯＰ･ＯＰ特別(３５.６-５２.１-３６.９=２.０４.６)､３歳以上重賞(３５.０-５１.９-３７.２=２.０４.１)",
"CS","2","20120228","09","2200","17","20061202","スタート地点は正面スタンド前直線の右端｡外回りコースの４コーナー出口付近｡１コーナーまでの距離は５２５ｍ｡正面スタンド前を通過した後は､芝２０００ｍと全く同じルートを辿るため､３〜４コーナーは内回りコースに入る｡最後の直線距離はＡコース時が３５６.５ｍ､Ｂコース時が３５９.１ｍ｡残り２００ｍ付近でゴール前の急坂｡約１２０ｍの間に１.８ｍの勾配を一気に駆け上がる｡ＡコースとＢコースでは直線部分で３ｍ､曲線部分で４ｍ幅員が違う｡主にＡコースは開催前半､Ｂコースは開催後半に使用されている｡スタート直後に内回りコースとの合流地点で､なおかつ下り坂｡前半から自然とラップが速くなりやすい｡基本的にはゆったりとしたスローペースになりがちだが､３歳以上の重賞(宝塚記念)の前半３ハロンの平均は３４秒７だ｡１コーナー過ぎまでに先行争いは決着していることが多いものの､先頭と中団から後方待機の馬とは差がつき､馬群が縦長になりやすい｡その後は一定のペースで推移｡中盤の１０００ｍはクラスが上がるにつれて厳しい｡ただし､近年３歳以上の準ＯＰ･ＯＰ特別は３歳限定のすみれＳしか組まれていない｡そのため､全体の平均勝ち時計がかなり遅くなっている｡その点に注意していただきたい｡内回りコース使用で直線距離が短いせいもあって､仕掛けは各馬早め｡中団以降に待機の馬がマクリ気味に進出してくる｡また､最後１ハロンの時計がかかるのが特徴｡終盤からゴールにかけては凌ぎ合いになり､単純なスローペースの決め手勝負とは一線を画する｡基本的には逃げ･先行勢が強いが､前述の通りマクリ差しも決まるので､あらゆる脚質の馬にチャンスがある｡前々で競馬をする馬ならば最後までバテない粘り強さが必要｡差し馬は末脚の持続力が要求される｡フルゲートになりにくいコースなのであまり目立たないが､できれば中枠より内がほしい｡頭数が少なければ大外でも全く問題ない｡種牡馬成績の上位の顔ぶれは､チーフベアハート､グラスワンダー､ステイゴールド､ダンスインザダーク､ジャングルポケット｡全般的にはヘイロー系が優勢だが､中途半端な距離なので､その分要求される適性は芝２０００ｍより少しずれる｡スペシャルウィーク､アグネスタキオン､マンハッタンカフェ､タニノギムレット､マヤノトップガンなどはひと息｡　●クラス別水準ラップ(３Ｆ-５Ｆ-３Ｆ)と勝ち時計　２歳ＯＰ特別･重賞(─)､３歳以上５００万(３６.０-６３.０-３５.６=２.１４.６)､３歳以上１０００万(３５.８-６２.７-３５.５=２.１４.０)､３歳以上準ＯＰ･ＯＰ特別(３６.７-６３.８-３４.７=２.１５.２)､３歳以上重賞(３４.７-６０.８-３５.８=２.１１.３)",
"CS","2","20120228","09","2400","18","20061202","スタート地点は芝２０００ｍと同じ､正面スタンド前直線右寄りのところ｡そこから外回りコースを使用して､グルリと一周強回る｡最後の直線距離はＡコース時が４７３.６ｍ､Ｂコース時が４７６.３ｍ｡直線半ばまで下りが続き､残り２００ｍ付近でゴール前の急坂｡約１２０ｍの間に１.８ｍの勾配を一気に駆け上がる｡ＡコースとＢコースでは直線部分で３ｍ､曲線部分で４ｍ幅員が違う｡主にＡコースは開催前半､Ｂコースは開催後半に使用されている｡ゴール前に急坂があるものの､中山芝２５００ｍとは違うラップになる｡全体的に直線部分が長いため､ラスト３ハロンで急激にペースアップする｡スタート後の９ハロンは準ＯＰクラス以上でもあまりペースは上がらない｡京都の瞬発力比べと質は少し違うが､決め手の優劣がそのまま勝敗に直結する｡差し馬が有利｡逃げ馬にとっては小細工がしにくいコースで､純粋に能力が高い馬でないと最後まで残すのは厳しい｡重賞は神戸新聞杯のみ施行｡この時は馬場がいいため､平均勝ち時計はかなり速くなっている｡枠順傾向は外が不利｡多頭数なるケースは少ないが､１０番ゲートより外の成績は落ちる｡種牡馬成績はダンスインザダークがトップ｡以下､グラスワンダー､キングカメハメハ､シンボリクリスエスと､現役時代､日本で芝２４００ｍ以上のＧ１で活躍した馬の仔が強い｡ただし､ジャングルポケット､スペシャルウィークはひと息｡　●クラス別水準ラップ(３Ｆ-３Ｆ-３Ｆ-３Ｆ)と勝ち時計　２歳ＯＰ特別･重賞(─)､３歳以上５００万(３７.０-３８.９-３８.０-３５.２=２.２９.１)､３歳以上１０００万(３７.７-３８.４-３７.８-３４.９=２.２８.８)､３歳以上準ＯＰ･ＯＰ特別(３６.９-３７.５-３７.５-３５.６=２.２７.５)､３歳以上重賞(３６.３-３６.９-３６.９-３４.９=２.２５.０)",
"CS","1","20190509","09","2600","18","20061202","スタート地点は正面スタンド前直線の右端｡外回りコースの４コーナー出口付近で､芝２２００ｍのスタート地点と同じだ｡ただ､芝２２００ｍは内回りコースを使用するのに対し､芝２６００ｍは外回りコースを使用することになる｡最後の直線距離はＡコース時が４７３.６ｍ､Ｂコース時が４７６.３ｍ｡最後の直線入り口から半ばまで下りが続き､残り２００ｍ付近から急な上り坂になる｡約１２０ｍの間に１.８ｍの勾配を一気に駆け上がる｡なお､ＡコースとＢコースでは直線部分で３ｍ､曲線部分で４ｍ幅員が違う｡フルゲートは１８頭｡コース改修後の新装オープンから１０年経過し､２０１６年末にレースが初めて行われた｡その後は１年間に３鞍ほどが行われ､３歳の未勝利戦や３歳以上５００万クラスの平場戦が組まれている｡コース形態としては芝２４００ｍとあまり変わらないが､実際に２００ｍ距離が延びる影響はあると考えられる｡長距離に適性がある馬にとってはありがたい舞台と言えるだろう｡各馬の力が発揮されやすいコースで､展開上の紛れは少ない印象｡逃げ馬は力がないと残ることができない｡好位抜け出しがベストで､差しも決まる｡ただし､後方一気は厳しい｡枠順の有利･不利はない｡",
"CS","2","20120228","09","3000","17","20061202","スタート地点は向正面の直線左｡２コーナーの出口付近｡内回りコースのみを使用し､コーナーを６回通過して約１周半回る｡最後の直線距離はＡコース時が３５６.５ｍ､Ｂコース時が３５９.１ｍ｡残り２００ｍ付近でゴール前の急坂｡約１２０ｍの間に１.８ｍの勾配を一気に駆け上がる｡Ｇ２の阪神大賞典でのみ使用されるコース｡近年はＡコースで行われている｡スタートして最初の３コーナーまでは先行争いがあるため､場合によっては多少速くなることはあるが､前半３ハロンの平均は３７秒６｡ゆったりとした流れだ｡最初の４コーナーを過ぎて､１周目の正面スタンド前にきてからはペースが完全に落ち着く｡向正面途中までは淡々と流れて､２周目の３コーナー過ぎから一気にペースアップ｡あとはゴールまで激しい追い比べとなる｡脚質傾向は先行か差し｡勝ち負けに加わるには､上がり３ハロンは３４秒台の末脚が要求される｡逃げや追い込みといった極端な脚質は不振｡枠順はできれば大外は引きたくないが､多頭数にはなりにくいので､実際にはあまり関係ない｡ほぼフラット｡種牡馬傾向としては､０８年阪神大賞典を制したアドマイヤジュピタは父フレンチデピュティだったが､母父がリアルシャダイ｡父系か母系どちらかに長距離血統があれば問題ないだろう｡　●クラス別水準ラップ(３Ｆ-６Ｆ-３Ｆ-３Ｆ)と勝ち時計　２歳ＯＰ特別･重賞(─)､３歳以上５００万(─)､３歳以上１０００万(─)､３歳以上準ＯＰ･ＯＰ特別(─)､３歳以上重賞(３７.６-７８.０-３６.９-３５.６=３.０８.１)",
"CS","2","20120228","10","1000","17","19860101","スタート地点は向正面直線の真ん中より左｡ちょうどゴール板の真反対に位置する｡３コーナーまでの直線距離は約２８０ｍ｡３〜４コーナーはスパイラルカーブで下り坂｡小倉競馬場芝コース全体の高低差は２.９６ｍ｡最後の直線距離は２９３ｍ｡仮柵によるコース設定はＡ､Ｂ､Ｃの３パターン｡近年で組まれているのはメイクデビューと２歳未勝利戦｡同クラスの水準ラップ(２Ｆ-３Ｆ)と勝ち時計(良馬場)は､２２.７-３４.６=５７.３｡夏場の連続開催のみ使用のため､野芝１００％での競走となり､速い時計が出る｡上がり３ハロンは３４秒台でもテンから飛ばす前傾ラップのレース｡スピードがある逃げ〜先行馬が優勢｡まだ勝ち星を挙げていない若駒のレースでは､終いに凄い末脚を使うような馬はなかなかいない｡また､１番人気の勝率･連対率が非常に高く､堅く収まりやすい｡フルゲート(１６頭)にはなりにくいこともあり､枠順はあまり気にする必要はない｡種牡馬成績はサクラバクシンオー､タイキシャトルが上位｡　●クラス別水準ラップ(２Ｆ-３Ｆ)と勝ち時計　２歳ＯＰ特別･重賞(─)､３歳以上５００万(─)､３歳以上１０００万(─)､３歳以上準ＯＰ･ＯＰ特別(─)､３歳以上重賞(─)",
"CS","2","20120228","10","1000","24","19860101","スタート地点は向正面直線の左｡最初の３コーナーまでの距離は約３６５ｍで､緩い下り坂になっている｡３〜４コーナーはスパイラルカーブ｡最後の直線距離は２９１ｍで､若干の上り坂になっている｡小倉ダートコースで唯一の短距離戦だが､組まれているレースは未勝利戦と５００万クラスがほとんど｡スタート直後の下り坂を利して､テンからかなり速いスピードが出る｡ほぼ行ったもの勝ちで､人気の逃げ〜先行馬がそのままなだれ込む展開が多い｡差し馬はかなり不利｡追い込み馬は３着すら厳しい｡枠順は中枠が理想｡仮に大外枠を引いても問題はなく､むしろ内枠で先行できずに包まれてしまう方が怖い｡種牡馬成績はサクラバクシンオーがトップ｡以下､サウスヴィグラス､ボストンハーバー､ストラヴィンスキー､ゴールドアリュールらが続く｡　●クラス別水準ラップ(２Ｆ-３Ｆ)と勝ち時計　２歳ＯＰ特別･重賞(─)､３歳以上５００万(２２.８-３６.１=５８.９)､３歳以上１０００万(─)､３歳以上準ＯＰ･ＯＰ特別(─)､３歳以上重賞(─)",
"CS","2","20120228","10","1200","17","19860101","スタート地点は向正面直線の２コーナーポケット｡小倉競馬場は２コーナーのところが最高部(芝コースの高低差は２.９６ｍ)になっており､スタート後２００ｍほど下る｡３コーナーまでの直線距離は約４８０ｍ｡３〜４コーナーはスパイラルカーブで下り坂｡最後の直線距離は２９３ｍ｡仮柵によるコース設定はＡ､Ｂ､Ｃの３パターン｡コース形態に伴い､前半の６００ｍはとにかく速い｡どのクラスも３３秒台前半が水準時計｡古馬重賞の北九州記念になると３２秒台になる｡３コーナーの入り口ではあまり速度が落ちないため､４コーナーから最後の直線に入る際のコーナリングは案外難しい｡これがスパイラルカーブの特性だが､小倉芝１２００ｍでは特に外に振られやすくなっている｡基本的には逃げ〜先行馬が有利だが､前後半３ハロンのラップ差が激しいので､前が総崩れになることもある｡Ｃコース時は逃げ馬の成績が多少落ちる｡馬場状態もカギとなる｡種牡馬成績はサクラバクシンオーが抜けて好成績を挙げている｡以下､アグネスタキオン､フジキセキ､キングカメハメハ､クロフネ､フレンチデピュティ｡メイショウオウドウ､アドマイヤボス､マーベラスサンデー､アドマイヤベガは不振｡　●クラス別水準ラップ(３Ｆ-３Ｆ)と勝ち時計　２歳ＯＰ特別･重賞(３３.４-３５.５=１.０８.９)､３歳以上５００万(３３.５-３４.９=１.０８.４)､３歳以上１０００万(３３.５-３４.６=１.０８.１)､３歳以上準ＯＰ･ＯＰ特別(３３.１-３４.６=１.０７.７)､３歳以上重賞(３２.６-３４.８=１.０７.４)",
"CS","2","20120228","10","1700","17","19860101","スタートは正面スタンド前の直線の真ん中付近｡スタート後､間もなくゴール板を通過｡最初の１コーナーまでの距離は約１７２ｍとかなり短い｡１〜２コーナーは上り坂になっている｡小倉競馬場は２コーナーのところが最高部(芝コースの高低差は２.９６ｍ)３〜４コーナーはスパイラルカーブで下り坂｡最後の直線距離は２９３ｍ｡仮柵によるコース設定はＡ､Ｂ､Ｃの３パターン｡芝１７００ｍは当競馬場においてマイナー条件で､夏場の３歳以上５００万クラスが中心｡鞍数もあまり多くない｡古馬５００万クラスの水準ラップ(２.５Ｆ-３Ｆ-３Ｆ)と勝ち時計(良馬場)は､３０.０-３５.０-３５.８=１.４０.８｡最初の１コーナーまでの距離が短いため､主導権争いは１〜２コーナーまで続くことになり､自然とペースが速くなる｡中盤の６００ｍより後半の６００ｍの方が時計がかかっていることからも､終盤まで脚を温存する競馬にはなりにくい｡平均から平均より速めのペースで流れ､マイル戦的なレースになる｡ローカルコースだけにすんなり単騎でハナを奪っての一発は警戒しなければいけないが､力がある馬でないと逃げ切るのは難しい｡好位から行ける先行馬か､マクれる差し馬が強い｡追い込みが最も厳しい｡枠順(フルゲートはＡコースが１４頭､Ｂコースが１２頭)は通常､外が少し不利｡スタート後すぐは馬群が広がり気味に１コーナーに突入するので､距離ロスが生じる｡種牡馬成績はダンスインザダーク､アドマイヤベガ､ステイゴールドなどサンデーサイレンス系が割と上位を占める｡　●クラス別水準ラップ(２.５Ｆ-３Ｆ-３Ｆ)と勝ち時計　２歳ＯＰ特別･重賞(─)､３歳以上５００万(３０.０-３５.０-３５.８=１.４０.８)､３歳以上１０００万(─)､３歳以上準ＯＰ･ＯＰ特別(─)､３歳以上重賞(─)",
"CS","2","20120228","10","1700","24","19860101","スタート地点は正面スタンド前直線の右端｡４コーナーの出口からの発走で､最初の１コーナーまでの距離は約３４３ｍ｡１〜２コーナーは上り坂で､途中にダートコースの最高位部分を通過｡ちなみに小倉ダートコース全体の高低差は２.９ｍ｡３〜４コーナーはスパイラルカーブ｡最後の直線距離は２９１ｍ｡小倉のダート競走の中心舞台で､重賞以外はどのクラスでもレースが組まれている｡スタート直後から各馬は飛ばしてポジションを取りに行く｡前半５００ｍぐらいは速いペースとなる｡直後の１ハロンでペースが落ち､その後は一定のペース｡全体的には淀みない流れで､ラストの上がりはかかりがち｡逃げ〜先行馬はほぼ互角の成績｡差し馬の連対率は逃げ〜先行馬の１／３ほどに下がり､追い込み馬はもっと厳しい｡序盤のポジションが後ろの馬はマクれないとダメ｡要は４コーナーでは好位にいなければならない｡乱ペースになることも多く､マクリは結構決まる｡枠順は大外枠が不利｡人気を背負った強い馬でも大外枠を引いた場合は､苦しい競馬になる｡最内も諸刃の剣で､中枠が一番無難｡種牡馬成績はキングカメハメハ､シンボリクリスエス､ワイルドラッシュ､アフリート､クロフネらが上位｡バブルガムフェロー､フォーティナイナー､ジャングルポケット､トワイニング､マジックマイルズらはひと息｡　●クラス別水準ラップ(２.５Ｆ-３Ｆ-３Ｆ)と勝ち時計　２歳ＯＰ特別･重賞(─)､３歳以上５００万(２９.８-３８.８-３７.８=１.４６.４)､３歳以上１０００万(２９.８-３７.７-３７.９=１.４５.４)､３歳以上準ＯＰ･ＯＰ特別(２９.９-３７.５-３６.９=１.４４.３)､３歳以上重賞(─)",
"CS","2","20120228","10","1800","17","19860101","スタート地点は正面スタンド前の直線真ん中よりやや右｡最初の１コーナーまでの距離は約２７２ｍ｡スタート後､１００ｍ強進んだところでゴール板を通過｡１〜２コーナーは上り坂｡小倉競馬場は２コーナーのところが最高部(芝コースの高低差は２.９６ｍ)３〜４コーナーはスパイラルカーブで下り坂｡最後の直線距離は２９３ｍ｡仮柵によるコース設定はＡ､Ｂ､Ｃの３パターン｡大半のクラスで､３分割した３ハロンの水準ラップがほぼ同じ数字｡実際には前半がもっと速かったり､逆に遅かったりとすることはあるが､平均的な流れになりやすいコースだ｡重賞は小倉大賞典が組まれている｡基本的には夏場の方が時計は速いが､近年は２月でもいい時計が出ている｡脚質的には先行馬が有利｡Ａコース時のみ逃げ馬も先行馬と同じぐらい活躍している｡一方で､マクリ差しも決まりやすい｡枠順は馬場状態がフラットの際には確実に内枠が有利｡先行馬なら最初にコーナーに飛び込みやすいし､差し馬は内々で末脚を溜められる｡ただし､内の馬場が悪化してくると中枠から外枠が有利になる｡種牡馬成績はヘイロー系が断然｡タイキシャトル､マンハッタンカフェ､スペシャルウィーク､フジキセキ､ステイゴールド､ダンスインザダーク､ネオユニヴァースと活躍馬が豊富｡グラスワンダーやシンボリクリスエスなどロベルト系が良くない｡　●クラス別水準ラップ(３Ｆ-３Ｆ-３Ｆ)と勝ち時計　２歳ＯＰ特別･重賞(─)､３歳以上５００万(３６.３-３６.３-３５.２=１.４７.８)､３歳以上１０００万(３５.９-３５.５-３５.８=１.４７.２)､３歳以上準ＯＰ･ＯＰ特別(３５.４-３５.５-３５.４=１.４６.３)､３歳以上重賞(３５.０-３５.０-３５.１=１.４５.１)",
"CS","2","20120228","10","2000","17","19860101","スタート地点は正面スタンド前直線の４コーナーのポケット｡最初の１コーナーまでの距離は約４７２ｍ｡１〜２コーナーは上り坂｡小倉競馬場は２コーナーのところが最高部(芝コースの高低差は２.９６ｍ)３〜４コーナーはスパイラルカーブで下り坂｡最後の直線距離は２９３ｍ｡仮柵によるコース設定はＡ､Ｂ､Ｃの３パターン｡１コーナーまでの距離が十分にあるので､普通は極端に速くはならないが､直線部分を走る距離が長いこともあり前半３ハロンは芝１８００ｍよりも速い｡先行馬が揃うと雁行気味に行って主導権争いとなるので､よりラップが上がる｡前半３ハロンがある程度流れて､２コーナーを過ぎて向正面に入ったところでペースが落ち着き､３コーナーに差し掛かる手間でまたピッチが上がるのが特徴｡道中の緩むべき部分が短くなりすぎたり､スローペースに落ち着きすぎたりするとマクる馬が出てきて隊列が３〜４コーナーで激しく動く｡基本は平均ペースだが､ハイペースになったりスローペースになったりと､メンバーや馬場次第でかなり変化する｡脚質的には逃げ〜先行馬が優勢｡差し､追い込み､マクリは芝１８００ｍほど決まらず､能力がないと後方からは差せない｡枠順は多頭数になればなるほど外枠が不利｡フルゲートの８枠は厳しい｡内〜中枠が有利｡種牡馬成績は芝１８００ｍと同様､ヘイロー系が優勢｡ダンスインザダークを筆頭にマンハッタンカフェ､ステイゴールド､スペシャルウィーク､アドマイヤベガが強い｡その他ではキングカメハメハ､グラスワンダー､クロフネ｡芝１８００ｍに比べれば紛れは少なく､強い馬が来る｡　●クラス別水準ラップ(３Ｆ-４Ｆ-３Ｆ)と勝ち時計　２歳ＯＰ特別･重賞(─)､３歳以上５００万(３５.４-４９.４-３５.４=２.００.２)､３歳以上１０００万(３５.３-４８.７-３５.８=１.５９.８)､３歳以上準ＯＰ･ＯＰ特別(３５.２-４８.３-３５.９=１.５９.４)､３歳以上重賞(３４.６-４８.６-３５.０=１.５８.２)",
"CS","2","20120228","10","2400","24","19860101","スタート地点は向正面直線の左寄り｡最初の３コーナーまでの距離は約３２０ｍ｡コース全体を約１周半回る｡１〜２コーナーは上り坂で､途中にダートコースの最高位部分を通過｡ちなみに小倉ダートコース全体の高低差は２.９ｍ｡３〜４コーナーはスパイラルカーブ｡最後の直線距離は２９１ｍ｡通常は古馬５００万クラスでのみ組まれているマイナーな条件｡スタート直後はある程度流れて各馬ポジション取り｡一周目のスタンド前直線に差し掛かるところでペースが落ち着き､さらに１〜２コーナーの坂の上りでまたペースが落ちる｡２周目の向正面の半ばからピッチが上がり､あとは追い比べ｡よって､前半と後半の３ハロンがキッチリ速くなっている｡しかし､最後は各馬脚が上がってしまうので､決め手勝負にはならない｡なだれ込む感じのレースで､スタミナが要求される｡１７００ｍと同様､逃げ〜先行馬が優勢｡勝負どころで後方に位置していては勝負にならない｡前半は後方待機でもマクる必要がある｡中央場所のダート長距離の実績はあまり関係ない｡芝の長丁場で詰めが甘かったようなタイプが､コース替わりで一変するのも特徴｡平場戦がほとんどなので､減量騎手の一発にも注意したい｡枠順は中枠が無難｡コーナーを６回も通過するコースでは内枠有利が原則だが､実際には内枠の好走が少ない｡外枠も多くない｡種牡馬成績はクロフネ､アルカセット､グラスワンダー､ジャングルポケット､キングカメハメハが上位｡　●クラス別水準ラップ(３Ｆ-３Ｆ-３Ｆ-３Ｆ)と勝ち時計　２歳ＯＰ特別･重賞(─)､３歳以上５００万(３７.３-４０.０-３９.８-３８.２=２.３５.３)､３歳以上１０００万(─)､３歳以上準ＯＰ･ＯＰ特別(─)､３歳以上重賞(─)",
"CS","2","20120228","10","2600","17","19860101","スタート地点は向正面直線の半ばよりやや左｡１０００ｍのスタート地点より少し前進したところ｡最初の３コーナーまでの距離は約２４４ｍ(Ａコース時)｡ちょうどコース全体を１周半周回する｡３〜４コーナーはスパイラルカーブで下り坂｡最後の直線距離は２９３ｍ｡仮柵によるコース設定はＡ､Ｂ､Ｃの３パターン｡通常は古馬１０００万クラスと５００万クラスでのみ組まれている｡レースの流れとしては平均ペースからスローペースが大半｡洋芝の札幌･函館芝２６００ｍと違い､時計が出るし､速い上がりが要求される｡それでもスタミナは必要｡上がり３ハロンの水準は３５秒台だ｡好走馬の数は逃げ〜先行が多いが､差し馬も来るし､マクリ差しも決まる｡芝２０００ｍ以下の成績はほとんど関係なく､近走大敗続きの馬が平気で巻き返して穴をあける｡特に単勝は穴の宝庫｡枠順は外枠が不利｡種牡馬成績は､突出して良績を残している馬はおらず混戦模様｡一応､ジャングルポケット､スペシャルウィーク､メイショウドトウ､タニノギムレット､フサイチソニックが好調｡ヘイロー系とグレイソヴリン系が上位だ｡ただし､ダンスインザダークやステイゴールドはあまり良くない｡　●クラス別水準ラップ(３Ｆ-４Ｆ-３Ｆ-３Ｆ)と勝ち時計　２歳ＯＰ特別･重賞(─)､３歳以上５００万(３６.８-５２.５-３６.６-３５.５=２.４１.４)､３歳以上１０００万(３５.９-５１.０-３６.８-３５.５=２.３９.２)､３歳以上準ＯＰ･ＯＰ特別(─)､３歳以上重賞(─)",
