"RecordSpec","DataKubun","MakeDate","Year","MonthDay","JyoCD","Kaiji","Nichiji","YoubiCD","Jyusyo1TokuNum","Jyusyo1Hondai","Jyusyo1Ryakusyo10","Jyusyo1Ryakusyo6","Jyusyo1Ryakusyo3","Jyusyo1Nkai","Jyusyo1GradeCD","Jyusyo1SyubetuCD","Jyusyo1KigoCD","Jyusyo1JyuryoCD","Jyusyo1Kyori","Jyusyo1TrackCD","Jyusyo2TokuNum","Jyusyo2Hondai","Jyusyo2Ryakusyo10","Jyusyo2Ryakusyo6","Jyusyo2Ryakusyo3","Jyusyo2Nkai","Jyusyo2GradeCD","Jyusyo2SyubetuCD","Jyusyo2KigoCD","Jyusyo2JyuryoCD","Jyusyo2Kyori","Jyusyo2TrackCD","Jyusyo3TokuNum","Jyusyo3Hondai","Jyusyo3Ryakusyo10","Jyusyo3Ryakusyo6","Jyusyo3Ryakusyo3","Jyusyo3Nkai","Jyusyo3GradeCD","Jyusyo3SyubetuCD","Jyusyo3KigoCD","Jyusyo3JyuryoCD","Jyusyo3Kyori","Jyusyo3TrackCD"
"YS","3","20240109","2024","0106","06","01","01","1","0061","日刊スポーツ賞中山金杯","日刊スポ賞中山金杯","日刊中山金杯","中金杯","073","C","14","N04","1","2000","17","0000","","","","","000","","00","000","0","0000","00","0000","","","","","000","","00","000","0","0000","00",
"YS","3","20240109","2024","0106","08","01","01","1","0076","スポーツニッポン賞京都金杯","スポニチ賞京都金杯","スポ京都金杯","京金杯","062","C","14","N04","1","1600","18","0000","","","","","000","","00","000","0","0000","00","0000","","","","","000","","00","000","0","0000","00",
"YS","3","20240109","2024","0107","06","01","02","2","0136","フェアリーステークス","フェアリーステークス","フェアリーＳ","フェア","040","C","12","N24","3","1600","18","0000","","","","","000","","00","000","0","0000","00","0000","","","","","000","","00","000","0","0000","00",
"YS","3","20240109","2024","0107","08","01","02","2","0000","","","","","000","","00","000","0","0000","00","0000","","","","","000","","00","000","0","0000","00","0000","","","","","000","","00","000","0","0000","00",
"YS","3","20240109","2024","0108","06","01","03","3","0000","","","","","000","","00","000","0","0000","00","0000","","","","","000","","00","000","0","0000","00","0000","","","","","000","","00","000","0","0000","00",
"YS","3","20240109","2024","0108","08","01","03","3","0121","日刊スポーツ賞シンザン記念","日刊スポシンザン記念","シンザン記念","シンザ","058","C","12","N04","3","1600","18","0000","","","","","000","","00","000","0","0000","00","0000","","","","","000","","00","000","0","0000","00",
"YS","3","20240115","2024","0113","06","01","04","1","0000","","","","","000","","00","000","0","0000","00","0000","","","","","000","","00","000","0","0000","00","0000","","","","","000","","00","000","0","0000","00",
"YS","3","20240115","2024","0113","08","01","04","1","0000","","","","","000","","00","000","0","0000","00","0000","","","","","000","","00","000","0","0000","00","0000","","","","","000","","00","000","0","0000","00",
"YS","3","20240115","2024","0113","10","01","01","1","0105","愛知杯","愛知杯","愛知杯","愛知杯","061","C","14","N24","1","2000","17","0000","","","","","000","","00","000","0","0000","00","0000","","","","","000","","00","000","0","0000","00",
"YS","3","20240115","2024","0114","06","01","05","2","0111","京成杯","京成杯","京成杯","京成杯","064","C","12","N04","3","2000","17","0000","","","","","000","","00","000","0","0000","00","0000","","","","","000","","00","000","0","0000","00",
"YS","3","20240115","2024","0114","08","01","05","2","0041","日経新春杯","日経新春杯","日経新春杯","日経新","071","B","14","N04","1","2400","18","0000","","","","","000","","00","000","0","0000","00","0000","","","","","000","","00","000","0","0000","00",
"YS","3","20240115","2024","0114","10","01","02","2","0000","","","","","000","","00","000","0","0000","00","0000","","","","","000","","00","000","0","0000","00","0000","","","","","000","","00","000","0","0000","00",
"YS","2","20240114","2024","0120","06","01","06","1","0000","","","","","000","","00","000","0","0000","00","0000","","","","","000","","00","000","0","0000","00","0000","","","","","000","","00","000","0","0000","00",
"YS","2","20240114","2024","0120","08","01","06","1","0000","","","","","000","","00","000","0","0000","00","0000","","","","","000","","00","000","0","0000","00","0000","","","","","000","","00","000","0","0000","00",
"YS","2","20240114","2024","0120","10","01","03","1","0000","","","","","000","","00","000","0","0000","00","0000","","","","","000","","00","000","0","0000","00","0000","","","","","000","","00","000","0","0000","00",
"YS","2","20240114","2024","0121","06","01","07","2","0021","アメリカジョッキークラブカップ","アメリカジョッキーＣ","ＡＪＣＣ","ＡＪＣ","065","B","14","N04","2","2200","18","0000","","","","","000","","00","000","0","0000","00","0000","","","","","000","","00","000","0","0000","00",
"YS","2","20240114","2024","0121","08","01","07","2","0106","東海テレビ杯東海ステークス","東海テレビ杯東海Ｓ","東海Ｓ","東海Ｓ","041","B","14","N01","2","1800","24","0000","","","","","000","","00","000","0","0000","00","0000","","","","","000","","00","000","0","0000","00",
"YS","2","20240114","2024","0121","10","01","04","2","0000","","","","","000","","00","000","0","0000","00","0000","","","","","000","","00","000","0","0000","00","0000","","","","","000","","00","000","0","0000","00",
"YS","1","20231208","2024","0127","05","01","01","1","0000","","","","","000","","00","000","0","0000","00","0000","","","","","000","","00","000","0","0000","00","0000","","","","","000","","00","000","0","0000","00",
"YS","1","20231208","2024","0127","08","02","01","1","0000","","","","","000","","00","000","0","0000","00","0000","","","","","000","","00","000","0","0000","00","0000","","","","","000","","00","000","0","0000","00",
"YS","1","20231208","2024","0127","10","01","05","1","0000","","","","","000","","00","000","0","0000","00","0000","","","","","000","","00","000","0","0000","00","0000","","","","","000","","00","000","0","0000","00",
"YS","1","20231208","2024","0128","05","01","02","2","0073","根岸ステークス","根岸ステークス","根岸Ｓ","根岸Ｓ","038","C","14","N01","2","1400","23","0000","","","","","000","","00","000","0","0000","00","0000","","","","","000","","00","000","0","0000","00",
"YS","1","20231208","2024","0128","08","02","02","2","0137","シルクロードステークス","シルクロードＳ","シルクロード","シルク","029","C","14","N04","1","1200","17","0000","","","","","000","","00","000","0","0000","00","0000","","","","","000","","00","000","0","0000","00",
"YS","1","20231208","2024","0128","10","01","06","2","0000","","","","","000","","00","000","0","0000","00","0000","","","","","000","","00","000","0","0000","00","0000","","","","","000","","00","000","0","0000","00",
"YS","1","20231208","2024","0203","05","01","03","1","0000","","","","","000","","00","000","0","0000","00","0000","","","","","000","","00","000","0","0000","00","0000","","","","","000","","00","000","0","0000","00",
"YS","1","20231208","2024","0203","08","02","03","1","0000","","","","","000","","00","000","0","0000","00","0000","","","","","000","","00","000","0","0000","00","0000","","","","","000","","00","000","0","0000","00",
"YS","1","20231208","2024","0203","10","01","07","1","0000","","","","","000","","00","000","0","0000","00","0000","","","","","000","","00","000","0","0000","00","0000","","","","","000","","00","000","0","0000","00",
"YS","1","20231208","2024","0204","05","01","04","2","0063","東京新聞杯","東京新聞杯","東京新聞杯","東京新","074","C","14","N04","2","1600","11","0000","","","","","000","","00","000","0","0000","00","0000","","","","","000","","00","000","0","0000","00",
"YS","1","20231208","2024","0204","08","02","04","2","0122","きさらぎ賞","きさらぎ賞","きさらぎ賞","きさら","064","C","12","N04","3","1800","18","0000","","","","","000","","00","000","0","0000","00","0000","","","","","000","","00","000","0","0000","00",
"YS","1","20231208","2024","0204","10","01","08","2","0000","","","","","000","","00","000","0","0000","00","0000","","","","","000","","00","000","0","0000","00","0000","","","","","000","","00","000","0","0000","00",
"YS","1","20231208","2024","0210","05","01","05","1","0112","デイリー杯クイーンカップ","デイリー杯クイーンＣ","クイーンＣ","クイＣ","059","C","12","N24","3","1600","11","0000","","","","","000","","00","000","0","0000","00","0000","","","","","000","","00","000","0","0000","00",
"YS","1","20231208","2024","0210","08","02","05","1","0000","","","","","000","","00","000","0","0000","00","0000","","","","","000","","00","000","0","0000","00","0000","","","","","000","","00","000","0","0000","00",
"YS","1","20231208","2024","0210","10","02","01","1","0000","","","","","000","","00","000","0","0000","00","0000","","","","","000","","00","000","0","0000","00","0000","","","","","000","","00","000","0","0000","00",
"YS","1","20231208","2024","0211","05","01","06","3","0113","共同通信杯","共同通信杯","共同通信杯","共同通","058","C","12","N04","3","1800","11","0000","","","","","000","","00","000","0","0000","00","0000","","","","","000","","00","000","0","0000","00",
"YS","1","20231208","2024","0211","08","02","06","3","0042","京都記念","京都記念","京都記念","京都記","117","B","14","N04","2","2200","18","0000","","","","","000","","00","000","0","0000","00","0000","","","","","000","","00","000","0","0000","00",
"YS","1","20231208","2024","0211","10","02","02","3","0000","","","","","000","","00","000","0","0000","00","0000","","","","","000","","00","000","0","0000","00","0000","","","","","000","","00","000","0","0000","00",
"YS","1","20231208","2024","0217","05","01","07","1","0062","ダイヤモンドステークス","ダイヤモンドＳ","ダイヤモンド","ダイヤ","074","C","14","N04","1","3400","11","0000","","","","","000","","00","000","0","0000","00","0000","","","","","000","","00","000","0","0000","00",
"YS","1","20231208","2024","0217","08","02","07","1","0077","京都牝馬ステークス","京都牝馬ステークス","京都牝馬Ｓ","京都牝","059","C","14","N24","2","1400","18","0000","","","","","000","","00","000","0","0000","00","0000","","","","","000","","00","000","0","0000","00",
"YS","1","20231208","2024","0217","10","02","03","1","0000","","","","","000","","00","000","0","0000","00","0000","","","","","000","","00","000","0","0000","00","0000","","","","","000","","00","000","0","0000","00",
"YS","1","20231208","2024","0218","05","01","08","2","0020","フェブラリーステークス","フェブラリーＳ","フェブラリー","フェブ","041","A","14","N01","4","1600","23","0000","","","","","000","","00","000","0","0000","00","0000","","","","","000","","00","000","0","0000","00",
"YS","1","20231208","2024","0218","08","02","08","2","0000","","","","","000","","00","000","0","0000","00","0000","","","","","000","","00","000","0","0000","00","0000","","","","","000","","00","000","0","0000","00",
"YS","1","20231208","2024","0218","10","02","04","2","0093","小倉大賞典","小倉大賞典","小倉大賞典","小倉大","058","C","14","N04","1","1800","17","0000","","","","","000","","00","000","0","0000","00","0000","","","","","000","","00","000","0","0000","00",
"YS","1","20231208","2024","0224","06","02","01","1","0000","","","","","000","","00","000","0","0000","00","0000","","","","","000","","00","000","0","0000","00","0000","","","","","000","","00","000","0","0000","00",
"YS","1","20231208","2024","0224","09","01","01","1","0000","","","","","000","","00","000","0","0000","00","0000","","","","","000","","00","000","0","0000","00","0000","","","","","000","","00","000","0","0000","00",
"YS","1","20231208","2024","0224","10","02","05","1","0000","","","","","000","","00","000","0","0000","00","0000","","","","","000","","00","000","0","0000","00","0000","","","","","000","","00","000","0","0000","00",
"YS","1","20231208","2024","0225","06","02","02","2","0023","中山記念","中山記念","中山記念","中山記","098","B","14","N01","2","1800","17","0000","","","","","000","","00","000","0","0000","00","0000","","","","","000","","00","000","0","0000","00",
"YS","1","20231208","2024","0225","09","01","02","2","0079","阪急杯","阪急杯","阪急杯","阪急杯","068","C","14","N01","2","1400","17","0000","","","","","000","","00","000","0","0000","00","0000","","","","","000","","00","000","0","0000","00",
"YS","1","20231208","2024","0225","10","02","06","2","0000","","","","","000","","00","000","0","0000","00","0000","","","","","000","","00","000","0","0000","00","0000","","","","","000","","00","000","0","0000","00",
"YS","1","20231208","2024","0302","06","02","03","1","0188","夕刊フジ賞オーシャンステークス","夕刊フジオーシャンＳ","オーシャンＳ","オーシ","019","C","14","N01","2","1200","18","0000","","","","","000","","00","000","0","0000","00","0000","","","","","000","","00","000","0","0000","00",
"YS","1","20231208","2024","0302","09","01","03","1","0129","チューリップ賞","チューリップ賞","チューリップ","チュー","031","B","12","N21","3","1600","18","0000","","","","","000","","00","000","0","0000","00","0000","","","","","000","","00","000","0","0000","00",
"YS","1","20231208","2024","0302","10","02","07","1","0000","","","","","000","","00","000","0","0000","00","0000","","","","","000","","00","000","0","0000","00","0000","","","","","000","","00","000","0","0000","00",
"YS","1","20231208","2024","0303","06","02","04","2","0114","報知杯弥生賞ディープインパクト記念","報知弥生ディープ記念","ディープ記念","デプ記","061","B","12","N01","3","2000","17","0000","","","","","000","","00","000","0","0000","00","0000","","","","","000","","00","000","0","0000","00",
"YS","1","20231208","2024","0303","09","01","04","2","0000","","","","","000","","00","000","0","0000","00","0000","","","","","000","","00","000","0","0000","00","0000","","","","","000","","00","000","0","0000","00",
"YS","1","20231208","2024","0303","10","02","08","2","0000","","","","","000","","00","000","0","0000","00","0000","","","","","000","","00","000","0","0000","00","0000","","","","","000","","00","000","0","0000","00",
"YS","1","20231208","2024","0309","06","02","05","1","0065","ローレル競馬場賞中山牝馬ステークス","中山牝馬ステークス","中山牝馬Ｓ","中山牝","042","C","14","N24","1","1800","17","0000","","","","","000","","00","000","0","0000","00","0000","","","","","000","","00","000","0","0000","00",
"YS","1","20231208","2024","0309","07","01","01","1","0000","","","","","000","","00","000","0","0000","00","0000","","","","","000","","00","000","0","0000","00","0000","","","","","000","","00","000","0","0000","00",
"YS","1","20231208","2024","0309","09","01","05","1","0164","阪神スプリングジャンプ","阪神スプリングＪ","阪神スプリＪ","阪ＳＪ","026","G","19","A00","2","3900","54","0000","","","","","000","","00","000","0","0000","00","0000","","","","","000","","00","000","0","0000","00",
"YS","1","20231208","2024","0310","06","02","06","2","0000","","","","","000","","00","000","0","0000","00","0000","","","","","000","","00","000","0","0000","00","0000","","","","","000","","00","000","0","0000","00",
"YS","1","20231208","2024","0310","07","01","02","2","0097","金鯱賞","金鯱賞","金鯱賞","金鯱賞","060","B","14","N01","2","2000","11","0000","","","","","000","","00","000","0","0000","00","0000","","","","","000","","00","000","0","0000","00",
"YS","1","20231208","2024","0310","09","01","06","2","0051","報知杯フィリーズレビュー","フィリーズレビュー","Ｆレビュー","Ｆレビ","058","B","12","N21","3","1400","17","0000","","","","","000","","00","000","0","0000","00","0000","","","","","000","","00","000","0","0000","00",
"YS","1","20231208","2024","0316","06","02","07","1","0119","フラワーカップ","フラワーカップ","フラワーＣ","フラワ","038","C","12","N24","3","1800","17","0000","","","","","000","","00","000","0","0000","00","0000","","","","","000","","00","000","0","0000","00",
"YS","1","20231208","2024","0316","07","01","03","1","0128","中日スポーツ賞ファルコンステークス","中スポ賞ファルコンＳ","ファルコンＳ","ファル","038","C","12","N04","3","1400","11","0000","","","","","000","","00","000","0","0000","00","0000","","","","","000","","00","000","0","0000","00",
"YS","1","20231208","2024","0316","09","01","07","1","0000","","","","","000","","00","000","0","0000","00","0000","","","","","000","","00","000","0","0000","00","0000","","","","","000","","00","000","0","0000","00",
"YS","1","20231208","2024","0317","06","02","08","2","0030","フジテレビ賞スプリングステークス","フジＴＶスプリングＳ","スプリングＳ","スプＳ","073","B","12","N41","3","1800","17","0000","","","","","000","","00","000","0","0000","00","0000","","","","","000","","00","000","0","0000","00",
"YS","1","20231208","2024","0317","07","01","04","2","0000","","","","","000","","00","000","0","0000","00","0000","","","","","000","","00","000","0","0000","00","0000","","","","","000","","00","000","0","0000","00",
"YS","1","20231208","2024","0317","09","01","08","2","0049","阪神大賞典","阪神大賞典","阪神大賞典","阪大賞","072","B","14","N01","2","3000","17","0000","","","","","000","","00","000","0","0000","00","0000","","","","","000","","00","000","0","0000","00",
"YS","1","20231208","2024","0323","06","03","01","1","0024","日経賞","日経賞","日経賞","日経賞","072","B","14","N01","2","2500","17","0000","","","","","000","","00","000","0","0000","00","0000","","","","","000","","00","000","0","0000","00",
"YS","1","20231208","2024","0323","07","01","05","1","0000","","","","","000","","00","000","0","0000","00","0000","","","","","000","","00","000","0","0000","00","0000","","","","","000","","00","000","0","0000","00",
"YS","1","20231208","2024","0323","09","02","01","1","0123","毎日杯","毎日杯","毎日杯","毎日杯","071","C","12","N04","3","1800","18","0000","","","","","000","","00","000","0","0000","00","0000","","","","","000","","00","000","0","0000","00",
"YS","1","20231208","2024","0324","06","03","02","2","0066","マーチステークス","マーチステークス","マーチＳ","マーチ","031","C","14","N01","1","1800","24","0000","","","","","000","","00","000","0","0000","00","0000","","","","","000","","00","000","0","0000","00",
"YS","1","20231208","2024","0324","07","01","06","2","0019","高松宮記念","高松宮記念","高松宮記念","高松宮","054","A","14","N01","4","1200","11","0000","","","","","000","","00","000","0","0000","00","0000","","","","","000","","00","000","0","0000","00",
"YS","1","20231208","2024","0324","09","02","02","2","0000","","","","","000","","00","000","0","0000","00","0000","","","","","000","","00","000","0","0000","00","0000","","","","","000","","00","000","0","0000","00",
"YS","1","20231208","2024","0330","06","03","03","1","0071","ダービー卿チャレンジトロフィー","ダービー卿チャレンジ","ダービーＣＴ","ダＣＴ","056","C","14","N04","1","1600","18","0000","","","","","000","","00","000","0","0000","00","0000","","","","","000","","00","000","0","0000","00",
"YS","1","20231208","2024","0330","09","02","03","1","0000","","","","","000","","00","000","0","0000","00","0000","","","","","000","","00","000","0","0000","00","0000","","","","","000","","00","000","0","0000","00",
"YS","1","20231208","2024","0331","06","03","04","2","0000","","","","","000","","00","000","0","0000","00","0000","","","","","000","","00","000","0","0000","00","0000","","","","","000","","00","000","0","0000","00",
"YS","1","20231208","2024","0331","09","02","04","2","0045","大阪杯","大阪杯","大阪杯","大阪杯","068","A","14","N01","4","2000","17","0000","","","","","000","","00","000","0","0000","00","0000","","","","","000","","00","000","0","0000","00",
"YS","1","20231208","2024","0406","03","01","01","1","0000","","","","","000","","00","000","0","0000","00","0000","","","","","000","","00","000","0","0000","00","0000","","","","","000","","00","000","0","0000","00",
"YS","1","20231208","2024","0406","06","03","05","1","0115","ニュージーランドトロフィー","ニュージーランドＴ","ＮＺＴ","ＮＺＴ","042","B","12","N41","3","1600","18","0000","","","","","000","","00","000","0","0000","00","0000","","","","","000","","00","000","0","0000","00",
"YS","1","20231208","2024","0406","09","02","05","1","0081","サンケイスポーツ杯阪神牝馬ステークス","サンスポ杯阪神牝馬Ｓ","阪神牝馬Ｓ","阪牝Ｓ","067","B","14","N21","2","1600","18","0000","","","","","000","","00","000","0","0000","00","0000","","","","","000","","00","000","0","0000","00",
"YS","1","20231208","2024","0407","03","01","02","2","0000","","","","","000","","00","000","0","0000","00","0000","","","","","000","","00","000","0","0000","00","0000","","","","","000","","00","000","0","0000","00",
"YS","1","20231208","2024","0407","06","03","06","2","0000","","","","","000","","00","000","0","0000","00","0000","","","","","000","","00","000","0","0000","00","0000","","","","","000","","00","000","0","0000","00",
"YS","1","20231208","2024","0407","09","02","06","2","0001","桜花賞","桜花賞","桜花賞","桜花賞","084","A","12","N21","3","1600","18","0000","","","","","000","","00","000","0","0000","00","0000","","","","","000","","00","000","0","0000","00",
"YS","1","20231208","2024","0413","03","01","03","1","0000","","","","","000","","00","000","0","0000","00","0000","","","","","000","","00","000","0","0000","00","0000","","","","","000","","00","000","0","0000","00",
"YS","1","20231208","2024","0413","06","03","07","1","0163","中山グランドジャンプ","中山グランドジャンプ","中山ＧＪ","中ＧＪ","026","F","19","N00","4","4250","55","0000","","","","","000","","00","000","0","0000","00","0000","","","","","000","","00","000","0","0000","00",
"YS","1","20231208","2024","0413","09","02","07","1","0127","アーリントンカップ","アーリントンカップ","アーリントン","アーリ","033","C","12","N01","3","1600","18","0000","","","","","000","","00","000","0","0000","00","0000","","","","","000","","00","000","0","0000","00",
"YS","1","20231208","2024","0414","03","01","04","2","0000","","","","","000","","00","000","0","0000","00","0000","","","","","000","","00","000","0","0000","00","0000","","","","","000","","00","000","0","0000","00",
"YS","1","20231208","2024","0414","06","03","08","2","0002","皐月賞","皐月賞","皐月賞","皐月賞","084","A","12","N41","3","2000","17","0000","","","","","000","","00","000","0","0000","00","0000","","","","","000","","00","000","0","0000","00",
"YS","1","20231208","2024","0414","09","02","08","2","0141","アンタレスステークス","アンタレスステークス","アンタレスＳ","アンタ","029","C","14","N01","2","1800","24","0000","","","","","000","","00","000","0","0000","00","0000","","","","","000","","00","000","0","0000","00",
"YS","1","20231208","2024","0420","03","01","05","1","0187","福島牝馬ステークス","福島牝馬ステークス","福島牝馬Ｓ","福島牝","021","C","14","N21","2","1800","17","0000","","","","","000","","00","000","0","0000","00","0000","","","","","000","","00","000","0","0000","00",
"YS","1","20231208","2024","0420","05","02","01","1","0000","","","","","000","","00","000","0","0000","00","0000","","","","","000","","00","000","0","0000","00","0000","","","","","000","","00","000","0","0000","00",
"YS","1","20231208","2024","0420","08","03","01","1","0000","","","","","000","","00","000","0","0000","00","0000","","","","","000","","00","000","0","0000","00","0000","","","","","000","","00","000","0","0000","00",
"YS","1","20231208","2024","0421","03","01","06","2","0000","","","","","000","","00","000","0","0000","00","0000","","","","","000","","00","000","0","0000","00","0000","","","","","000","","00","000","0","0000","00",
"YS","1","20231208","2024","0421","05","02","02","2","0031","サンケイスポーツ賞フローラステークス","サンスポ賞フローラＳ","フローラＳ","フロラ","059","B","12","N21","3","2000","11","0000","","","","","000","","00","000","0","0000","00","0000","","","","","000","","00","000","0","0000","00",
"YS","1","20231208","2024","0421","08","03","02","2","0043","読売マイラーズカップ","読売マイラーズカップ","マイラーズＣ","読売マ","055","B","14","N01","2","1600","18","0000","","","","","000","","00","000","0","0000","00","0000","","","","","000","","00","000","0","0000","00",
"YS","1","20231208","2024","0427","04","01","01","1","0000","","","","","000","","00","000","0","0000","00","0000","","","","","000","","00","000","0","0000","00","0000","","","","","000","","00","000","0","0000","00",
"YS","1","20231208","2024","0427","05","02","03","1","0130","テレビ東京杯青葉賞","テレビ東京杯青葉賞","青葉賞","青葉賞","031","B","12","N01","3","2400","11","0000","","","","","000","","00","000","0","0000","00","0000","","","","","000","","00","000","0","0000","00",
"YS","1","20231208","2024","0427","08","03","03","1","0143","ユニコーンステークス","ユニコーンステークス","ユニコーンＳ","ユニコ","029","C","12","N01","3","1900","24","0000","","","","","000","","00","000","0","0000","00","0000","","","","","000","","00","000","0","0000","00",
"YS","1","20231208","2024","0428","04","01","02","2","0000","","","","","000","","00","000","0","0000","00","0000","","","","","000","","00","000","0","0000","00","0000","","","","","000","","00","000","0","0000","00",
"YS","1","20231208","2024","0428","05","02","04","2","0000","","","","","000","","00","000","0","0000","00","0000","","","","","000","","00","000","0","0000","00","0000","","","","","000","","00","000","0","0000","00",
"YS","1","20231208","2024","0428","08","03","04","2","0006","天皇賞（春）","天皇賞（春）","天皇賞（春）","天皇賞","169","A","14","N01","4","3200","18","0000","","","","","000","","00","000","0","0000","00","0000","","","","","000","","00","000","0","0000","00",
"YS","1","20231208","2024","0504","04","01","03","3","0000","","","","","000","","00","000","0","0000","00","0000","","","","","000","","00","000","0","0000","00","0000","","","","","000","","00","000","0","0000","00",
"YS","1","20231208","2024","0504","05","02","05","3","0000","","","","","000","","00","000","0","0000","00","0000","","","","","000","","00","000","0","0000","00","0000","","","","","000","","00","000","0","0000","00",
"YS","1","20231208","2024","0504","08","03","05","3","0053","京都新聞杯","京都新聞杯","京都新聞杯","京都新","072","B","12","N01","3","2200","18","0000","","","","","000","","00","000","0","0000","00","0000","","","","","000","","00","000","0","0000","00",
"YS","1","20231208","2024","0505","04","01","04","3","0094","新潟大賞典","新潟大賞典","新潟大賞典","新潟大","046","C","14","N04","1","2000","12","0000","","","","","000","","00","000","0","0000","00","0000","","","","","000","","00","000","0","0000","00",
"YS","1","20231208","2024","0505","05","02","06","3","0017","ＮＨＫマイルカップ","ＮＨＫマイルカップ","ＮＨＫマイル","ＮＨＫ","029","A","12","N41","3","1600","11","0000","","","","","000","","00","000","0","0000","00","0000","","","","","000","","00","000","0","0000","00",
"YS","1","20231208","2024","0505","08","03","06","3","0000","","","","","000","","00","000","0","0000","00","0000","","","","","000","","00","000","0","0000","00","0000","","","","","000","","00","000","0","0000","00",
"YS","1","20231208","2024","0511","04","01","05","1","0000","","","","","000","","00","000","0","0000","00","0000","","","","","000","","00","000","0","0000","00","0000","","","","","000","","00","000","0","0000","00",
"YS","1","20231208","2024","0511","05","02","07","1","0025","京王杯スプリングカップ","京王杯スプリングＣ","京王杯ＳＣ","京王Ｓ","069","B","14","N01","2","1400","11","0000","","","","","000","","00","000","0","0000","00","0000","","","","","000","","00","000","0","0000","00",
"YS","1","20231208","2024","0511","08","03","07","1","0166","京都ハイジャンプ","京都ハイジャンプ","京都ハイＪ","京ＨＪ","026","G","19","A00","2","3930","54","0000","","","","","000","","00","000","0","0000","00","0000","","","","","000","","00","000","0","0000","00",
"YS","1","20231208","2024","0512","04","01","06","2","0000","","","","","000","","00","000","0","0000","00","0000","","","","","000","","00","000","0","0000","00","0000","","","","","000","","00","000","0","0000","00",
"YS","1","20231208","2024","0512","05","02","08","2","0202","ヴィクトリアマイル","ヴィクトリアマイル","ヴィクトリア","ヴィク","019","A","14","N21","4","1600","11","0000","","","","","000","","00","000","0","0000","00","0000","","","","","000","","00","000","0","0000","00",
"YS","1","20231208","2024","0512","08","03","08","2","0000","","","","","000","","00","000","0","0000","00","0000","","","","","000","","00","000","0","0000","00","0000","","","","","000","","00","000","0","0000","00",
"YS","1","20231208","2024","0518","04","01","07","1","0000","","","","","000","","00","000","0","0000","00","0000","","","","","000","","00","000","0","0000","00","0000","","","","","000","","00","000","0","0000","00",
"YS","1","20231208","2024","0518","05","02","09","1","0000","","","","","000","","00","000","0","0000","00","0000","","","","","000","","00","000","0","0000","00","0000","","","","","000","","00","000","0","0000","00",
"YS","1","20231208","2024","0518","08","03","09","1","0108","平安ステークス","平安ステークス","平安Ｓ","平安Ｓ","031","C","14","N01","2","1900","24","0000","","","","","000","","00","000","0","0000","00","0000","","","","","000","","00","000","0","0000","00",
"YS","1","20231208","2024","0519","04","01","08","2","0000","","","","","000","","00","000","0","0000","00","0000","","","","","000","","00","000","0","0000","00","0000","","","","","000","","00","000","0","0000","00",
"YS","1","20231208","2024","0519","05","02","10","2","0003","優駿牝馬","優駿牝馬","優駿牝馬","優駿牝","085","A","12","N21","3","2400","11","0000","","","","","000","","00","000","0","0000","00","0000","","","","","000","","00","000","0","0000","00",
"YS","1","20231208","2024","0519","08","03","10","2","0000","","","","","000","","00","000","0","0000","00","0000","","","","","000","","00","000","0","0000","00","0000","","","","","000","","00","000","0","0000","00",
"YS","1","20231208","2024","0525","05","02","11","1","0000","","","","","000","","00","000","0","0000","00","0000","","","","","000","","00","000","0","0000","00","0000","","","","","000","","00","000","0","0000","00",
"YS","1","20231208","2024","0525","08","03","11","1","0209","葵ステークス","葵ステークス","葵ステークス","葵Ｓ","007","C","12","N04","3","1200","17","0000","","","","","000","","00","000","0","0000","00","0000","","","","","000","","00","000","0","0000","00",
"YS","1","20231208","2024","0526","05","02","12","2","0004","東京優駿","東京優駿","東京優駿","東京優","091","A","12","N41","3","2400","11","0022","目黒記念","目黒記念","目黒記念","目黒記","138","B","14","N04","1","2500","11","0000","","","","","000","","00","000","0","0000","00",
"YS","1","20231208","2024","0526","08","03","12","2","0000","","","","","000","","00","000","0","0000","00","0000","","","","","000","","00","000","0","0000","00","0000","","","","","000","","00","000","0","0000","00",
"YS","1","20231208","2024","0601","05","03","01","1","0000","","","","","000","","00","000","0","0000","00","0000","","","","","000","","00","000","0","0000","00","0000","","","","","000","","00","000","0","0000","00",
"YS","1","20231208","2024","0601","08","04","01","1","0044","鳴尾記念","鳴尾記念","鳴尾記念","鳴尾記","077","C","13","N04","2","2000","17","0000","","","","","000","","00","000","0","0000","00","0000","","","","","000","","00","000","0","0000","00",
"YS","1","20231208","2024","0602","05","03","02","2","0010","安田記念","安田記念","安田記念","安田記","074","A","13","N01","4","1600","11","0000","","","","","000","","00","000","0","0000","00","0000","","","","","000","","00","000","0","0000","00",
"YS","1","20231208","2024","0602","08","04","02","2","0000","","","","","000","","00","000","0","0000","00","0000","","","","","000","","00","000","0","0000","00","0000","","","","","000","","00","000","0","0000","00",
"YS","1","20231208","2024","0608","02","01","01","1","0000","","","","","000","","00","000","0","0000","00","0000","","","","","000","","00","000","0","0000","00","0000","","","","","000","","00","000","0","0000","00",
"YS","1","20231208","2024","0608","05","03","03","1","0000","","","","","000","","00","000","0","0000","00","0000","","","","","000","","00","000","0","0000","00","0000","","","","","000","","00","000","0","0000","00",
"YS","1","20231208","2024","0608","08","04","03","1","0000","","","","","000","","00","000","0","0000","00","0000","","","","","000","","00","000","0","0000","00","0000","","","","","000","","00","000","0","0000","00",
"YS","1","20231208","2024","0609","02","01","02","2","0148","函館スプリントステークス","函館スプリントＳ","函館ＳＳ","函ＳＳ","031","C","13","N04","2","1200","17","0000","","","","","000","","00","000","0","0000","00","0000","","","","","000","","00","000","0","0000","00",
"YS","1","20231208","2024","0609","05","03","04","2","0067","エプソムカップ","エプソムカップ","エプソムＣ","エプソ","041","C","13","N04","2","1800","11","0000","","","","","000","","00","000","0","0000","00","0000","","","","","000","","00","000","0","0000","00",
"YS","1","20231208","2024","0609","08","04","04","2","0000","","","","","000","","00","000","0","0000","00","0000","","","","","000","","00","000","0","0000","00","0000","","","","","000","","00","000","0","0000","00",
"YS","1","20231208","2024","0615","02","01","03","1","0000","","","","","000","","00","000","0","0000","00","0000","","","","","000","","00","000","0","0000","00","0000","","","","","000","","00","000","0","0000","00",
"YS","1","20231208","2024","0615","05","03","05","1","0000","","","","","000","","00","000","0","0000","00","0000","","","","","000","","00","000","0","0000","00","0000","","","","","000","","00","000","0","0000","00",
"YS","1","20231208","2024","0615","08","04","05","1","0000","","","","","000","","00","000","0","0000","00","0000","","","","","000","","00","000","0","0000","00","0000","","","","","000","","00","000","0","0000","00",
"YS","1","20231208","2024","0616","02","01","04","2","0000","","","","","000","","00","000","0","0000","00","0000","","","","","000","","00","000","0","0000","00","0000","","","","","000","","00","000","0","0000","00",
"YS","1","20231208","2024","0616","05","03","06","2","0000","","","","","000","","00","000","0","0000","00","0000","","","","","000","","00","000","0","0000","00","0000","","","","","000","","00","000","0","0000","00",
"YS","1","20231208","2024","0616","08","04","06","2","0138","マーメイドステークス","マーメイドステークス","マーメイドＳ","マーメ","029","C","13","N24","1","2000","17","0000","","","","","000","","00","000","0","0000","00","0000","","","","","000","","00","000","0","0000","00",
"YS","1","20231208","2024","0622","02","01","05","1","0000","","","","","000","","00","000","0","0000","00","0000","","","","","000","","00","000","0","0000","00","0000","","","","","000","","00","000","0","0000","00",
"YS","1","20231208","2024","0622","05","03","07","1","0169","東京ジャンプステークス","東京ジャンプＳ","東京ジャンプ","東ＪＳ","026","H","18","A00","2","3110","54","0000","","","","","000","","00","000","0","0000","00","0000","","","","","000","","00","000","0","0000","00",
"YS","1","20231208","2024","0622","08","04","07","1","0000","","","","","000","","00","000","0","0000","00","0000","","","","","000","","00","000","0","0000","00","0000","","","","","000","","00","000","0","0000","00",
"YS","1","20231208","2024","0623","02","01","06","2","0000","","","","","000","","00","000","0","0000","00","0000","","","","","000","","00","000","0","0000","00","0000","","","","","000","","00","000","0","0000","00",
"YS","1","20231208","2024","0623","05","03","08","2","0000","","","","","000","","00","000","0","0000","00","0000","","","","","000","","00","000","0","0000","00","0000","","","","","000","","00","000","0","0000","00",
"YS","1","20231208","2024","0623","08","04","08","2","0009","宝塚記念","宝塚記念","宝塚記念","宝塚記","065","A","13","N01","4","2200","18","0000","","","","","000","","00","000","0","0000","00","0000","","","","","000","","00","000","0","0000","00",
"YS","1","20231208","2024","0629","02","01","07","1","0000","","","","","000","","00","000","0","0000","00","0000","","","","","000","","00","000","0","0000","00","0000","","","","","000","","00","000","0","0000","00",
"YS","1","20231208","2024","0629","03","02","01","1","0000","","","","","000","","00","000","0","0000","00","0000","","","","","000","","00","000","0","0000","00","0000","","","","","000","","00","000","0","0000","00",
"YS","1","20231208","2024","0629","10","03","01","1","0000","","","","","000","","00","000","0","0000","00","0000","","","","","000","","00","000","0","0000","00","0000","","","","","000","","00","000","0","0000","00",
"YS","1","20231208","2024","0630","02","01","08","2","0000","","","","","000","","00","000","0","0000","00","0000","","","","","000","","00","000","0","0000","00","0000","","","","","000","","00","000","0","0000","00",
"YS","1","20231208","2024","0630","03","02","02","2","0116","ラジオＮＩＫＫＥＩ賞","ラジオＮＩＫＫＥＩ賞","ラジＮＩＫ賞","ラジＮ","073","C","12","N04","1","1800","17","0000","","","","","000","","00","000","0","0000","00","0000","","","","","000","","00","000","0","0000","00",
"YS","1","20231208","2024","0630","10","03","02","2","0099","テレビ西日本賞北九州記念","ＴＶ西日本北九州記念","北九州記念","北九州","059","C","13","N04","1","1200","17","0000","","","","","000","","00","000","0","0000","00","0000","","","","","000","","00","000","0","0000","00",
"YS","1","20231208","2024","0706","02","01","09","1","0000","","","","","000","","00","000","0","0000","00","0000","","","","","000","","00","000","0","0000","00","0000","","","","","000","","00","000","0","0000","00",
"YS","1","20231208","2024","0706","03","02","03","1","0000","","","","","000","","00","000","0","0000","00","0000","","","","","000","","00","000","0","0000","00","0000","","","","","000","","00","000","0","0000","00",
"YS","1","20231208","2024","0706","10","03","03","1","0000","","","","","000","","00","000","0","0000","00","0000","","","","","000","","00","000","0","0000","00","0000","","","","","000","","00","000","0","0000","00",
"YS","1","20231208","2024","0707","02","01","10","2","0000","","","","","000","","00","000","0","0000","00","0000","","","","","000","","00","000","0","0000","00","0000","","","","","000","","00","000","0","0000","00",
"YS","1","20231208","2024","0707","03","02","04","2","0096","七夕賞","七夕賞","七夕賞","七夕賞","060","C","13","N04","1","2000","17","0000","","","","","000","","00","000","0","0000","00","0000","","","","","000","","00","000","0","0000","00",
"YS","1","20231208","2024","0707","10","03","04","2","0139","プロキオンステークス","プロキオンステークス","プロキオンＳ","プロキ","029","C","13","N01","2","1700","24","0000","","","","","000","","00","000","0","0000","00","0000","","","","","000","","00","000","0","0000","00",
"YS","1","20231208","2024","0713","02","01","11","1","0134","函館２歳ステークス","函館２歳ステークス","函館２歳Ｓ","函館２","056","C","11","N04","3","1200","17","0000","","","","","000","","00","000","0","0000","00","0000","","","","","000","","00","000","0","0000","00",
"YS","1","20231208","2024","0713","03","02","05","1","0000","","","","","000","","00","000","0","0000","00","0000","","","","","000","","00","000","0","0000","00","0000","","","","","000","","00","000","0","0000","00",
"YS","1","20231208","2024","0713","10","03","05","1","0000","","","","","000","","00","000","0","0000","00","0000","","","","","000","","00","000","0","0000","00","0000","","","","","000","","00","000","0","0000","00",
"YS","1","20231208","2024","0714","02","01","12","2","0100","農林水産省賞典　函館記念","函館記念","函館記念","函館記","060","C","13","N04","1","2000","17","0000","","","","","000","","00","000","0","0000","00","0000","","","","","000","","00","000","0","0000","00",
"YS","1","20231208","2024","0714","03","02","06","2","0000","","","","","000","","00","000","0","0000","00","0000","","","","","000","","00","000","0","0000","00","0000","","","","","000","","00","000","0","0000","00",
"YS","1","20231208","2024","0714","10","03","06","2","0000","","","","","000","","00","000","0","0000","00","0000","","","","","000","","00","000","0","0000","00","0000","","","","","000","","00","000","0","0000","00",
"YS","1","20231208","2024","0720","01","01","01","1","0000","","","","","000","","00","000","0","0000","00","0000","","","","","000","","00","000","0","0000","00","0000","","","","","000","","00","000","0","0000","00",
"YS","1","20231208","2024","0720","03","02","07","1","0000","","","","","000","","00","000","0","0000","00","0000","","","","","000","","00","000","0","0000","00","0000","","","","","000","","00","000","0","0000","00",
"YS","1","20231208","2024","0720","10","03","07","1","0000","","","","","000","","00","000","0","0000","00","0000","","","","","000","","00","000","0","0000","00","0000","","","","","000","","00","000","0","0000","00",
"YS","1","20231208","2024","0721","01","01","02","2","0000","","","","","000","","00","000","0","0000","00","0000","","","","","000","","00","000","0","0000","00","0000","","","","","000","","00","000","0","0000","00",
"YS","1","20231208","2024","0721","03","02","08","2","0000","","","","","000","","00","000","0","0000","00","0000","","","","","000","","00","000","0","0000","00","0000","","","","","000","","00","000","0","0000","00",
"YS","1","20231208","2024","0721","10","03","08","2","0091","中京記念","中京記念","中京記念","中京記","072","C","13","N04","1","1800","17","0000","","","","","000","","00","000","0","0000","00","0000","","","","","000","","00","000","0","0000","00",
"YS","1","20231208","2024","0727","01","01","03","1","0000","","","","","000","","00","000","0","0000","00","0000","","","","","000","","00","000","0","0000","00","0000","","","","","000","","00","000","0","0000","00",
"YS","1","20231208","2024","0727","04","02","01","1","0179","新潟ジャンプステークス","新潟ジャンプＳ","新潟ジャンプ","新ＪＳ","026","H","18","A00","2","3250","56","0000","","","","","000","","00","000","0","0000","00","0000","","","","","000","","00","000","0","0000","00",
"YS","1","20231208","2024","0728","01","01","04","2","0117","北海道新聞杯クイーンステークス","クイーンステークス","クイーンＳ","クイＳ","072","C","13","N24","2","1800","17","0000","","","","","000","","00","000","0","0000","00","0000","","","","","000","","00","000","0","0000","00",
"YS","1","20231208","2024","0728","04","02","02","2","0180","アイビスサマーダッシュ","アイビスサマーＤ","アイビスＳＤ","アイビ","024","C","13","N04","2","1000","10","0000","","","","","000","","00","000","0","0000","00","0000","","","","","000","","00","000","0","0000","00",
"YS","1","20231208","2024","0803","01","01","05","1","0000","","","","","000","","00","000","0","0000","00","0000","","","","","000","","00","000","0","0000","00","0000","","","","","000","","00","000","0","0000","00",
"YS","1","20231208","2024","0803","04","02","03","1","0000","","","","","000","","00","000","0","0000","00","0000","","","","","000","","00","000","0","0000","00","0000","","","","","000","","00","000","0","0000","00",
"YS","1","20231208","2024","0804","01","01","06","2","0149","エルムステークス","エルムステークス","エルムＳ","エルム","029","C","13","N01","2","1700","24","0000","","","","","000","","00","000","0","0000","00","0000","","","","","000","","00","000","0","0000","00",
"YS","1","20231208","2024","0804","04","02","04","2","0109","レパードステークス","レパードステークス","レパードＳ","レパー","016","C","12","N01","3","1800","23","0000","","","","","000","","00","000","0","0000","00","0000","","","","","000","","00","000","0","0000","00",
"YS","1","20231208","2024","0810","01","02","01","1","0000","","","","","000","","00","000","0","0000","00","0000","","","","","000","","00","000","0","0000","00","0000","","","","","000","","00","000","0","0000","00",
"YS","1","20231208","2024","0810","04","03","01","1","0000","","","","","000","","00","000","0","0000","00","0000","","","","","000","","00","000","0","0000","00","0000","","","","","000","","00","000","0","0000","00",
"YS","1","20231208","2024","0810","07","02","01","1","0000","","","","","000","","00","000","0","0000","00","0000","","","","","000","","00","000","0","0000","00","0000","","","","","000","","00","000","0","0000","00",
"YS","1","20231208","2024","0811","01","02","02","3","0000","","","","","000","","00","000","0","0000","00","0000","","","","","000","","00","000","0","0000","00","0000","","","","","000","","00","000","0","0000","00",
"YS","1","20231208","2024","0811","04","03","02","3","0098","関屋記念","関屋記念","関屋記念","関屋記","059","C","13","N04","2","1600","12","0000","","","","","000","","00","000","0","0000","00","0000","","","","","000","","00","000","0","0000","00",
"YS","1","20231208","2024","0811","07","02","02","3","0102","農林水産省賞典　小倉記念","小倉記念","小倉記念","小倉記","060","C","13","N04","1","2000","11","0000","","","","","000","","00","000","0","0000","00","0000","","","","","000","","00","000","0","0000","00",
"YS","1","20231208","2024","0817","01","02","03","1","0000","","","","","000","","00","000","0","0000","00","0000","","","","","000","","00","000","0","0000","00","0000","","","","","000","","00","000","0","0000","00",
"YS","1","20231208","2024","0817","04","03","03","1","0000","","","","","000","","00","000","0","0000","00","0000","","","","","000","","00","000","0","0000","00","0000","","","","","000","","00","000","0","0000","00",
"YS","1","20231208","2024","0817","07","02","03","1","0000","","","","","000","","00","000","0","0000","00","0000","","","","","000","","00","000","0","0000","00","0000","","","","","000","","00","000","0","0000","00",
"YS","1","20231208","2024","0818","01","02","04","2","0095","札幌記念","札幌記念","札幌記念","札幌記","060","B","13","N04","4","2000","17","0000","","","","","000","","00","000","0","0000","00","0000","","","","","000","","00","000","0","0000","00",
"YS","1","20231208","2024","0818","04","03","04","2","0000","","","","","000","","00","000","0","0000","00","0000","","","","","000","","00","000","0","0000","00","0000","","","","","000","","00","000","0","0000","00",
"YS","1","20231208","2024","0818","07","02","04","2","0107","ＣＢＣ賞","ＣＢＣ賞","ＣＢＣ賞","ＣＢＣ","060","C","13","N04","1","1200","11","0000","","","","","000","","00","000","0","0000","00","0000","","","","","000","","00","000","0","0000","00",
"YS","1","20231208","2024","0824","01","02","05","1","0000","","","","","000","","00","000","0","0000","00","0000","","","","","000","","00","000","0","0000","00","0000","","","","","000","","00","000","0","0000","00",
"YS","1","20231208","2024","0824","04","03","05","1","0000","","","","","000","","00","000","0","0000","00","0000","","","","","000","","00","000","0","0000","00","0000","","","","","000","","00","000","0","0000","00",
"YS","1","20231208","2024","0824","07","02","05","1","0178","小倉サマージャンプ","小倉サマージャンプ","小倉サマーＪ","小サＪ","026","H","18","A00","2","3300","54","0000","","","","","000","","00","000","0","0000","00","0000","","","","","000","","00","000","0","0000","00",
"YS","1","20231208","2024","0825","01","02","06","2","0189","キーンランドカップ","キーンランドカップ","キーンランド","キーン","019","C","13","N01","2","1200","17","0000","","","","","000","","00","000","0","0000","00","0000","","","","","000","","00","000","0","0000","00",
"YS","1","20231208","2024","0825","04","03","06","2","0132","新潟２歳ステークス","新潟２歳ステークス","新潟２歳Ｓ","新潟２","044","C","11","N04","3","1600","12","0000","","","","","000","","00","000","0","0000","00","0000","","","","","000","","00","000","0","0000","00",
"YS","1","20231208","2024","0825","07","02","06","2","0000","","","","","000","","00","000","0","0000","00","0000","","","","","000","","00","000","0","0000","00","0000","","","","","000","","00","000","0","0000","00",
"YS","1","20231208","2024","0831","01","02","07","1","0131","札幌２歳ステークス","札幌２歳ステークス","札幌２歳Ｓ","札幌２","059","C","11","N04","3","1800","17","0000","","","","","000","","00","000","0","0000","00","0000","","","","","000","","00","000","0","0000","00",
"YS","1","20231208","2024","0831","04","03","07","1","0000","","","","","000","","00","000","0","0000","00","0000","","","","","000","","00","000","0","0000","00","0000","","","","","000","","00","000","0","0000","00",
"YS","1","20231208","2024","0831","07","02","07","1","0000","","","","","000","","00","000","0","0000","00","0000","","","","","000","","00","000","0","0000","00","0000","","","","","000","","00","000","0","0000","00",
"YS","1","20231208","2024","0901","01","02","08","2","0000","","","","","000","","00","000","0","0000","00","0000","","","","","000","","00","000","0","0000","00","0000","","","","","000","","00","000","0","0000","00",
"YS","1","20231208","2024","0901","04","03","08","2","0101","農林水産省賞典　新潟記念","新潟記念","新潟記念","新潟記","060","C","13","N04","1","2000","12","0000","","","","","000","","00","000","0","0000","00","0000","","","","","000","","00","000","0","0000","00",
"YS","1","20231208","2024","0901","07","02","08","2","0133","小倉２歳ステークス","小倉２歳ステークス","小倉２歳Ｓ","小倉２","044","C","11","N04","3","1200","11","0000","","","","","000","","00","000","0","0000","00","0000","","","","","000","","00","000","0","0000","00",
"YS","1","20231208","2024","0907","06","04","01","1","0208","紫苑ステークス","紫苑ステークス","紫苑Ｓ","紫苑Ｓ","009","B","12","N21","3","2000","17","0000","","","","","000","","00","000","0","0000","00","0000","","","","","000","","00","000","0","0000","00",
"YS","1","20231208","2024","0907","07","03","01","1","0000","","","","","000","","00","000","0","0000","00","0000","","","","","000","","00","000","0","0000","00","0000","","","","","000","","00","000","0","0000","00",
"YS","1","20231208","2024","0908","06","04","02","2","0159","京成杯オータムハンデキャップ","京成杯オータムハンデ","京成杯ＡＨ","京成Ａ","069","C","13","N04","1","1600","18","0000","","","","","000","","00","000","0","0000","00","0000","","","","","000","","00","000","0","0000","00",
"YS","1","20231208","2024","0908","07","03","02","2","0082","産経賞セントウルステークス","産経賞セントウルＳ","セントウルＳ","トウル","038","B","13","N01","2","1200","11","0000","","","","","000","","00","000","0","0000","00","0000","","","","","000","","00","000","0","0000","00",
"YS","1","20231208","2024","0914","06","04","03","1","0000","","","","","000","","00","000","0","0000","00","0000","","","","","000","","00","000","0","0000","00","0000","","","","","000","","00","000","0","0000","00",
"YS","1","20231208","2024","0914","07","03","03","1","0168","阪神ジャンプステークス","阪神ジャンプＳ","阪神ジャンプ","阪ＪＳ","026","H","18","A00","2","3330","54","0000","","","","","000","","00","000","0","0000","00","0000","","","","","000","","00","000","0","0000","00",
"YS","1","20231208","2024","0915","06","04","04","2","0000","","","","","000","","00","000","0","0000","00","0000","","","","","000","","00","000","0","0000","00","0000","","","","","000","","00","000","0","0000","00",
"YS","1","20231208","2024","0915","07","03","04","2","0052","関西テレビ放送賞ローズステークス","関西ＴＶローズＳ","ローズＳ","ローズ","042","B","12","N21","3","2000","11","0000","","","","","000","","00","000","0","0000","00","0000","","","","","000","","00","000","0","0000","00",
"YS","1","20231208","2024","0916","06","04","05","3","0118","朝日杯セントライト記念","朝日セントライト記念","セントライト","セント","078","B","12","N01","3","2200","18","0000","","","","","000","","00","000","0","0000","00","0000","","","","","000","","00","000","0","0000","00",
"YS","1","20231208","2024","0916","07","03","05","3","0000","","","","","000","","00","000","0","0000","00","0000","","","","","000","","00","000","0","0000","00","0000","","","","","000","","00","000","0","0000","00",
"YS","1","20231208","2024","0921","06","04","06","1","0000","","","","","000","","00","000","0","0000","00","0000","","","","","000","","00","000","0","0000","00","0000","","","","","000","","00","000","0","0000","00",
"YS","1","20231208","2024","0921","07","03","06","1","0000","","","","","000","","00","000","0","0000","00","0000","","","","","000","","00","000","0","0000","00","0000","","","","","000","","00","000","0","0000","00",
"YS","1","20231208","2024","0922","06","04","07","3","0069","産経賞オールカマー","産経賞オールカマー","オールカマー","産経オ","070","B","13","N01","2","2200","18","0000","","","","","000","","00","000","0","0000","00","0000","","","","","000","","00","000","0","0000","00",
"YS","1","20231208","2024","0922","07","03","07","3","0126","神戸新聞杯","神戸新聞杯","神戸新聞杯","神戸新","072","B","12","N41","3","2200","11","0000","","","","","000","","00","000","0","0000","00","0000","","","","","000","","00","000","0","0000","00",
"YS","1","20231208","2024","0928","06","04","08","1","0000","","","","","000","","00","000","0","0000","00","0000","","","","","000","","00","000","0","0000","00","0000","","","","","000","","00","000","0","0000","00",
"YS","1","20231208","2024","0928","07","03","08","1","0147","シリウスステークス","シリウスステークス","シリウスＳ","シリウ","028","C","13","N01","1","1900","23","0000","","","","","000","","00","000","0","0000","00","0000","","","","","000","","00","000","0","0000","00",
"YS","1","20231208","2024","0929","06","04","09","2","0016","スプリンターズステークス","スプリンターズＳ","スプリンター","スプリ","058","A","13","N01","4","1200","18","0000","","","","","000","","00","000","0","0000","00","0000","","","","","000","","00","000","0","0000","00",
"YS","1","20231208","2024","0929","07","03","09","2","0000","","","","","000","","00","000","0","0000","00","0000","","","","","000","","00","000","0","0000","00","0000","","","","","000","","00","000","0","0000","00",
"YS","1","20231208","2024","1005","04","04","01","1","0000","","","","","000","","00","000","0","0000","00","0000","","","","","000","","00","000","0","0000","00","0000","","","","","000","","00","000","0","0000","00",
"YS","1","20231208","2024","1005","05","04","01","1","0205","サウジアラビアロイヤルカップ","サウジアラビアＲＣ","サウジＲＣ","サウジ","010","C","11","N04","3","1600","11","0000","","","","","000","","00","000","0","0000","00","0000","","","","","000","","00","000","0","0000","00",
"YS","1","20231208","2024","1005","08","05","01","1","0000","","","","","000","","00","000","0","0000","00","0000","","","","","000","","00","000","0","0000","00","0000","","","","","000","","00","000","0","0000","00",
"YS","1","20231208","2024","1006","04","04","02","2","0000","","","","","000","","00","000","0","0000","00","0000","","","","","000","","00","000","0","0000","00","0000","","","","","000","","00","000","0","0000","00",
"YS","1","20231208","2024","1006","05","04","02","2","0026","毎日王冠","毎日王冠","毎日王冠","毎日王","075","B","13","N01","2","1800","11","0000","","","","","000","","00","000","0","0000","00","0000","","","","","000","","00","000","0","0000","00",
"YS","1","20231222","2024","1006","08","05","02","2","0047","農林水産省賞典　京都大賞典","京都大賞典","京都大賞典","京大賞","059","B","13","N01","2","2400","18","0000","","","","","000","","00","000","0","0000","00","0000","","","","","000","","00","000","0","0000","00",
"YS","1","20231208","2024","1012","04","04","03","1","0000","","","","","000","","00","000","0","0000","00","0000","","","","","000","","00","000","0","0000","00","0000","","","","","000","","00","000","0","0000","00",
"YS","1","20231208","2024","1012","08","05","03","1","0000","","","","","000","","00","000","0","0000","00","0000","","","","","000","","00","000","0","0000","00","0000","","","","","000","","00","000","0","0000","00",
"YS","1","20231208","2024","1013","05","04","03","2","0165","東京ハイジャンプ","東京ハイジャンプ","東京ハイＪ","東ＨＪ","026","G","18","A00","2","3110","54","0000","","","","","000","","00","000","0","0000","00","0000","","","","","000","","00","000","0","0000","00",
"YS","1","20231208","2024","1013","08","05","04","2","0018","秋華賞","秋華賞","秋華賞","秋華賞","029","A","12","N21","3","2000","17","0000","","","","","000","","00","000","0","0000","00","0000","","","","","000","","00","000","0","0000","00",
"YS","1","20231208","2024","1014","04","04","04","3","0000","","","","","000","","00","000","0","0000","00","0000","","","","","000","","00","000","0","0000","00","0000","","","","","000","","00","000","0","0000","00",
"YS","1","20231208","2024","1014","05","04","04","3","0074","アイルランドトロフィー府中牝馬ステークス","アイルランド府中牝馬","府中牝馬Ｓ","府中牝","072","B","13","N21","2","1800","11","0000","","","","","000","","00","000","0","0000","00","0000","","","","","000","","00","000","0","0000","00",
"YS","1","20231208","2024","1019","04","04","05","1","0000","","","","","000","","00","000","0","0000","00","0000","","","","","000","","00","000","0","0000","00","0000","","","","","000","","00","000","0","0000","00",
"YS","1","20231208","2024","1019","05","04","05","1","0150","富士ステークス","富士ステークス","富士Ｓ","富士Ｓ","027","B","13","N01","2","1600","11","0000","","","","","000","","00","000","0","0000","00","0000","","","","","000","","00","000","0","0000","00",
"YS","1","20231208","2024","1019","08","05","05","1","0000","","","","","000","","00","000","0","0000","00","0000","","","","","000","","00","000","0","0000","00","0000","","","","","000","","00","000","0","0000","00",
"YS","1","20231208","2024","1020","04","04","06","2","0000","","","","","000","","00","000","0","0000","00","0000","","","","","000","","00","000","0","0000","00","0000","","","","","000","","00","000","0","0000","00",
"YS","1","20231208","2024","1020","05","04","06","2","0000","","","","","000","","00","000","0","0000","00","0000","","","","","000","","00","000","0","0000","00","0000","","","","","000","","00","000","0","0000","00",
"YS","1","20231208","2024","1020","08","05","06","2","0005","菊花賞","菊花賞","菊花賞","菊花賞","085","A","12","N41","3","3000","18","0000","","","","","000","","00","000","0","0000","00","0000","","","","","000","","00","000","0","0000","00",
"YS","1","20231208","2024","1026","04","04","07","1","0000","","","","","000","","00","000","0","0000","00","0000","","","","","000","","00","000","0","0000","00","0000","","","","","000","","00","000","0","0000","00",
"YS","1","20231208","2024","1026","05","04","07","1","0204","アルテミスステークス","アルテミスステークス","アルテミスＳ","アルテ","013","C","11","N21","3","1600","11","0000","","","","","000","","00","000","0","0000","00","0000","","","","","000","","00","000","0","0000","00",
"YS","1","20231208","2024","1026","08","05","07","1","0048","ＭＢＳ賞スワンステークス","ＭＢＳ賞スワンＳ","ＭＢＳスワン","スワン","067","B","13","N01","2","1400","18","0000","","","","","000","","00","000","0","0000","00","0000","","","","","000","","00","000","0","0000","00",
"YS","1","20231208","2024","1027","04","04","08","2","0000","","","","","000","","00","000","0","0000","00","0000","","","","","000","","00","000","0","0000","00","0000","","","","","000","","00","000","0","0000","00",
"YS","1","20231208","2024","1027","05","04","08","2","0007","天皇賞（秋）","天皇賞（秋）","天皇賞（秋）","天皇賞","170","A","13","N01","4","2000","11","0000","","","","","000","","00","000","0","0000","00","0000","","","","","000","","00","000","0","0000","00",
"YS","1","20231208","2024","1027","08","05","08","2","0000","","","","","000","","00","000","0","0000","00","0000","","","","","000","","00","000","0","0000","00","0000","","","","","000","","00","000","0","0000","00",
"YS","1","20231208","2024","1102","03","03","01","1","0000","","","","","000","","00","000","0","0000","00","0000","","","","","000","","00","000","0","0000","00","0000","","","","","000","","00","000","0","0000","00",
"YS","1","20231208","2024","1102","05","05","01","1","0160","京王杯２歳ステークス","京王杯２歳ステークス","京王杯２歳Ｓ","京王２","060","B","11","N01","3","1400","11","0000","","","","","000","","00","000","0","0000","00","0000","","","","","000","","00","000","0","0000","00",
"YS","1","20231208","2024","1102","08","06","01","1","0145","ＫＢＳ京都賞ファンタジーステークス","ＫＢＳファンタジーＳ","ファンタジー","ファン","029","C","11","N21","3","1400","18","0000","","","","","000","","00","000","0","0000","00","0000","","","","","000","","00","000","0","0000","00",
"YS","1","20231208","2024","1103","03","03","02","3","0000","","","","","000","","00","000","0","0000","00","0000","","","","","000","","00","000","0","0000","00","0000","","","","","000","","00","000","0","0000","00",
"YS","1","20231208","2024","1103","05","05","02","3","0027","アルゼンチン共和国杯","アルゼンチン共和国杯","アルゼンチン","アルゼ","062","B","13","N04","1","2500","11","0000","","","","","000","","00","000","0","0000","00","0000","","","","","000","","00","000","0","0000","00",
"YS","1","20231208","2024","1103","08","06","02","3","0110","みやこステークス","みやこステークス","みやこＳ","みやこ","014","C","13","N01","2","1800","24","0000","","","","","000","","00","000","0","0000","00","0000","","","","","000","","00","000","0","0000","00",
"YS","1","20231208","2024","1109","03","03","03","1","0000","","","","","000","","00","000","0","0000","00","0000","","","","","000","","00","000","0","0000","00","0000","","","","","000","","00","000","0","0000","00",
"YS","1","20231208","2024","1109","05","05","03","1","0140","東京中日スポーツ杯武蔵野ステークス","東京中日Ｓ杯武蔵野Ｓ","武蔵野Ｓ","武蔵野","029","C","13","N01","2","1600","23","0000","","","","","000","","00","000","0","0000","00","0000","","","","","000","","00","000","0","0000","00",
"YS","1","20231208","2024","1109","08","06","03","1","0056","デイリー杯２歳ステークス","デイリー杯２歳Ｓ","デイリー２Ｓ","デイ２","059","B","11","N01","3","1600","18","0167","京都ジャンプステークス","京都ジャンプＳ","京都ジャンプ","京ＪＳ","026","H","18","A00","2","3170","57","0000","","","","","000","","00","000","0","0000","00",
"YS","1","20231208","2024","1110","03","03","04","2","0104","福島記念","福島記念","福島記念","福島記","060","C","13","N04","1","2000","17","0000","","","","","000","","00","000","0","0000","00","0000","","","","","000","","00","000","0","0000","00",
"YS","1","20231208","2024","1110","05","05","04","2","0000","","","","","000","","00","000","0","0000","00","0000","","","","","000","","00","000","0","0000","00","0000","","","","","000","","00","000","0","0000","00",
"YS","1","20231208","2024","1110","08","06","04","2","0011","エリザベス女王杯","エリザベス女王杯","エリザベス杯","エリ女","049","A","13","N21","4","2200","18","0000","","","","","000","","00","000","0","0000","00","0000","","","","","000","","00","000","0","0000","00",
"YS","1","20231208","2024","1116","03","03","05","1","0000","","","","","000","","00","000","0","0000","00","0000","","","","","000","","00","000","0","0000","00","0000","","","","","000","","00","000","0","0000","00",
"YS","1","20231208","2024","1116","05","05","05","1","0144","東京スポーツ杯２歳ステークス","東京スポーツ杯２歳Ｓ","東スポ２歳Ｓ","東ス２","029","B","11","N01","3","1800","11","0000","","","","","000","","00","000","0","0000","00","0000","","","","","000","","00","000","0","0000","00",
"YS","1","20231208","2024","1116","08","06","05","1","0000","","","","","000","","00","000","0","0000","00","0000","","","","","000","","00","000","0","0000","00","0000","","","","","000","","00","000","0","0000","00",
"YS","1","20231208","2024","1117","03","03","06","2","0000","","","","","000","","00","000","0","0000","00","0000","","","","","000","","00","000","0","0000","00","0000","","","","","000","","00","000","0","0000","00",
"YS","1","20231208","2024","1117","05","05","06","2","0000","","","","","000","","00","000","0","0000","00","0000","","","","","000","","00","000","0","0000","00","0000","","","","","000","","00","000","0","0000","00",
"YS","1","20231208","2024","1117","08","06","06","2","0014","マイルチャンピオンシップ","マイルチャンピオンＳ","マイルＣＳ","マイル","041","A","13","N01","4","1600","18","0000","","","","","000","","00","000","0","0000","00","0000","","","","","000","","00","000","0","0000","00",
"YS","1","20231208","2024","1123","05","05","07","3","0000","","","","","000","","00","000","0","0000","00","0000","","","","","000","","00","000","0","0000","00","0000","","","","","000","","00","000","0","0000","00",
"YS","1","20231208","2024","1123","08","06","07","3","0206","ラジオＮＩＫＫＥＩ杯京都２歳ステークス","ラジオＮ杯京都２歳Ｓ","京都２歳Ｓ","京都２","011","C","11","N01","3","2000","17","0000","","","","","000","","00","000","0","0000","00","0000","","","","","000","","00","000","0","0000","00",
"YS","1","20231208","2024","1124","05","05","08","2","0015","ジャパンカップ","ジャパンカップ","ジャパンＣ","ＪＣ","044","A","13","N01","4","2400","11","0000","","","","","000","","00","000","0","0000","00","0000","","","","","000","","00","000","0","0000","00",
"YS","1","20231208","2024","1124","08","06","08","2","0078","京阪杯","京阪杯","京阪杯","京阪杯","069","C","13","N04","2","1200","17","0000","","","","","000","","00","000","0","0000","00","0000","","","","","000","","00","000","0","0000","00",
"YS","1","20231208","2024","1130","06","05","01","1","0072","スポーツニッポン賞ステイヤーズステークス","ステイヤーズＳ","ステイヤーズ","ステイ","058","B","13","N04","2","3600","21","0000","","","","","000","","00","000","0","0000","00","0000","","","","","000","","00","000","0","0000","00",
"YS","1","20231208","2024","1130","07","04","01","1","0000","","","","","000","","00","000","0","0000","00","0000","","","","","000","","00","000","0","0000","00","0000","","","","","000","","00","000","0","0000","00",
"YS","1","20231208","2024","1130","08","07","01","1","0080","チャレンジカップ","チャレンジカップ","チャレンジＣ","チャレ","075","C","13","N04","2","2000","17","0000","","","","","000","","00","000","0","0000","00","0000","","","","","000","","00","000","0","0000","00",
"YS","1","20231208","2024","1201","06","05","02","2","0000","","","","","000","","00","000","0","0000","00","0000","","","","","000","","00","000","0","0000","00","0000","","","","","000","","00","000","0","0000","00",
"YS","1","20231208","2024","1201","07","04","02","2","0200","チャンピオンズカップ","チャンピオンズカップ","チャンピオン","チャン","025","A","13","N01","4","1800","23","0000","","","","","000","","00","000","0","0000","00","0000","","","","","000","","00","000","0","0000","00",
"YS","1","20231208","2024","1201","08","07","02","2","0000","","","","","000","","00","000","0","0000","00","0000","","","","","000","","00","000","0","0000","00","0000","","","","","000","","00","000","0","0000","00",
"YS","1","20231208","2024","1207","06","05","03","1","0000","","","","","000","","00","000","0","0000","00","0000","","","","","000","","00","000","0","0000","00","0000","","","","","000","","00","000","0","0000","00",
"YS","1","20231208","2024","1207","07","04","03","1","0092","中日新聞杯","中日新聞杯","中日新聞杯","中日新","060","C","13","N04","1","2000","11","0000","","","","","000","","00","000","0","0000","00","0000","","","","","000","","00","000","0","0000","00",
"YS","1","20231208","2024","1207","08","07","03","1","0000","","","","","000","","00","000","0","0000","00","0000","","","","","000","","00","000","0","0000","00","0000","","","","","000","","00","000","0","0000","00",
"YS","1","20231208","2024","1208","06","05","04","2","0192","カペラステークス","カペラステークス","カペラＳ","カペラ","017","C","13","N01","2","1200","24","0000","","","","","000","","00","000","0","0000","00","0000","","","","","000","","00","000","0","0000","00",
"YS","1","20231208","2024","1208","07","04","04","2","0000","","","","","000","","00","000","0","0000","00","0000","","","","","000","","00","000","0","0000","00","0000","","","","","000","","00","000","0","0000","00",
"YS","1","20231208","2024","1208","08","07","04","2","0013","阪神ジュベナイルフィリーズ","阪神ジュベナイルＦ","阪神ＪＦ","阪ＪＦ","076","A","11","N21","3","1600","18","0000","","","","","000","","00","000","0","0000","00","0000","","","","","000","","00","000","0","0000","00",
"YS","1","20231208","2024","1214","06","05","05","1","0207","ターコイズステークス","ターコイズステークス","ターコイズＳ","ターコ","010","C","13","N24","1","1600","18","0000","","","","","000","","00","000","0","0000","00","0000","","","","","000","","00","000","0","0000","00",
"YS","1","20231208","2024","1214","07","04","05","1","0000","","","","","000","","00","000","0","0000","00","0000","","","","","000","","00","000","0","0000","00","0000","","","","","000","","00","000","0","0000","00",
"YS","1","20231208","2024","1214","08","07","05","1","0000","","","","","000","","00","000","0","0000","00","0000","","","","","000","","00","000","0","0000","00","0000","","","","","000","","00","000","0","0000","00",
"YS","1","20231208","2024","1215","06","05","06","2","0000","","","","","000","","00","000","0","0000","00","0000","","","","","000","","00","000","0","0000","00","0000","","","","","000","","00","000","0","0000","00",
"YS","1","20231208","2024","1215","07","04","06","2","0000","","","","","000","","00","000","0","0000","00","0000","","","","","000","","00","000","0","0000","00","0000","","","","","000","","00","000","0","0000","00",
"YS","1","20231208","2024","1215","08","07","06","2","0012","朝日杯フューチュリティステークス","朝日フューチュリティ","朝日杯ＦＳ","朝ＦＳ","076","A","11","N41","3","1600","18","0000","","","","","000","","00","000","0","0000","00","0000","","","","","000","","00","000","0","0000","00",
"YS","1","20231208","2024","1221","06","05","07","1","0152","中山大障害","中山大障害","中山大障害","中大障","147","F","18","N00","4","4100","54","0000","","","","","000","","00","000","0","0000","00","0000","","","","","000","","00","000","0","0000","00",
"YS","1","20231208","2024","1221","08","07","07","1","0190","阪神カップ","阪神カップ","阪神カップ","阪神Ｃ","019","B","13","N04","4","1400","18","0000","","","","","000","","00","000","0","0000","00","0000","","","","","000","","00","000","0","0000","00",
"YS","1","20231208","2024","1222","06","05","08","2","0008","有馬記念","有馬記念","有馬記念","有馬記","069","A","13","N01","4","2500","17","0000","","","","","000","","00","000","0","0000","00","0000","","","","","000","","00","000","0","0000","00",
"YS","1","20231208","2024","1222","08","07","08","2","0000","","","","","000","","00","000","0","0000","00","0000","","","","","000","","00","000","0","0000","00","0000","","","","","000","","00","000","0","0000","00",
"YS","1","20231208","2024","1228","06","05","09","1","0135","ホープフルステークス","ホープフルステークス","ホープフルＳ","ホープ","041","A","11","N41","3","2000","17","0000","","","","","000","","00","000","0","0000","00","0000","","","","","000","","00","000","0","0000","00",
"YS","1","20231208","2024","1228","08","07","09","1","0000","","","","","000","","00","000","0","0000","00","0000","","","","","000","","00","000","0","0000","00","0000","","","","","000","","00","000","0","0000","00",
