"MakeDate","Year","MonthDay","JyoCD","Kaiji","Nichiji","RaceNum","Num","KettoNum","Bamei","UmaKigoCD","SexCD","TozaiCD","ChokyosiCode","ChokyosiRyakusyo","Futan","Koryu"
"20240115","2024","0120","06","01","06","09","001","2018105226","カトルショセット","00","2","1","01133","黒岩陽一","560","0",
"20240115","2024","0120","06","01","06","09","002","2020100934","クリニクラウン","00","2","1","01171","小手川準","550","0",
"20240115","2024","0120","06","01","06","09","003","2020103033","グレノークス","00","2","1","01175","宮田敬介","550","0",
"20240115","2024","0120","06","01","06","09","004","2020102161","サノノエスポ","00","2","1","01010","中野栄治","550","0",
"20240115","2024","0120","06","01","06","09","005","2019104861","スズノテレサ","00","2","1","01174","深山雅史","560","0",
"20240115","2024","0120","06","01","06","09","006","2019105264","スマイルオンミー","00","2","1","01103","尾関知人","560","0",
"20240115","2024","0120","06","01","06","09","007","2020101856","セイカティターニア","00","2","1","01020","相沢郁","550","0",
"20240115","2024","0120","06","01","06","09","008","2019105101","バーリンギャップ","00","2","1","01017","萩原清","560","0",
"20240115","2024","0120","06","01","06","09","009","2020102755","フィンガークリック","00","2","1","01094","水野貴広","550","0",
"20240115","2024","0120","06","01","06","09","010","2020103616","フェブランシェ","00","2","1","01133","黒岩陽一","550","0",
"20240115","2024","0120","06","01","06","09","011","2020104675","ヘニータイフーン","00","2","2","01186","中村直也","550","0",
"20240115","2024","0120","06","01","06","09","012","2020106908","メイショウコバト","00","2","1","01165","和田勇介","550","0",
"20240115","2024","0120","06","01","06","09","013","2018100595","メイショウホオズキ","00","2","1","01118","高柳瑞樹","560","0",
"20240115","2024","0120","06","01","06","09","014","2020103247","メテオールライト","00","2","1","01017","萩原清","550","0",
"20240115","2024","0120","06","01","06","09","015","2019106491","ラブベティー","00","2","1","01141","尾形和幸","560","0",
"20240115","2024","0120","06","01","06","09","016","2018105316","ラレイナ","00","2","1","01195","嘉藤貴行","560","0",
"20240115","2024","0120","06","01","06","09","017","2019106868","レディーシス","00","2","2","01085","小崎憲","560","0",
"20240115","2024","0120","06","01","06","10","001","2017110006","アルファウェーブ","06","3","1","01182","辻哲英","580","0",
"20240115","2024","0120","06","01","06","10","002","2018102202","オブデュモンド","00","3","1","01191","蛯名正義","580","0",
"20240115","2024","0120","06","01","06","10","003","2018105226","カトルショセット","00","2","1","01133","黒岩陽一","560","0",
"20240115","2024","0120","06","01","06","10","004","2020106234","グランドカリナン","00","1","1","01112","田島俊明","570","0",
"20240115","2024","0120","06","01","06","10","005","2019100861","グランドライン","00","1","1","01088","高木登","580","0",
"20240115","2024","0120","06","01","06","10","006","2019105377","シンティレーション","00","2","1","01150","池上昌和","560","0",
"20240115","2024","0120","06","01","06","10","007","2019104687","ソバナ","00","2","1","01086","斎藤誠","560","0",
"20240115","2024","0120","06","01","06","10","008","2019105976","トゥーサン","00","2","1","01134","高橋文雅","560","0",
"20240115","2024","0120","06","01","06","10","009","2017102518","ネバーゴーンアウト","00","3","1","01096","粕谷昌央","580","0",
"20240115","2024","0120","06","01","06","10","010","2018105253","ベッラノーヴァ","00","2","1","01132","金成貴史","560","0",
"20240115","2024","0120","06","01","06","10","011","2019100794","マイネルエール","05","3","1","01131","蛯名利弘","580","0",
"20240115","2024","0120","06","01","06","10","012","2019100768","マイネルニコラス","00","1","1","00412","高橋裕","580","0",
"20240115","2024","0120","06","01","06","10","013","2020104285","ラーテル","05","3","1","00437","南田美知","570","0",
"20240115","2024","0120","06","01","06","10","014","2019106851","ラエール","05","2","1","00417","土田稔","560","0",
"20240115","2024","0120","06","01","06","11","001","2019100215","ウインエクレール","00","2","1","01048","畠山吉宏","540","0",
"20240115","2024","0120","06","01","06","11","002","2019104159","カヨウネンカ","00","2","1","01086","斎藤誠","530","0",
"20240115","2024","0120","06","01","06","11","003","2018104607","クライミングリリー","00","2","1","00399","国枝栄","540","0",
"20240115","2024","0120","06","01","06","11","004","2020106234","グランドカリナン","00","1","1","01112","田島俊明","540","0",
"20240115","2024","0120","06","01","06","11","005","2020103089","グランベルナデット","00","2","1","01102","大竹正博","540","0",
"20240115","2024","0120","06","01","06","11","006","2019100668","サンセットクラウド","00","1","2","01075","矢作芳人","560","0",
"20240115","2024","0120","06","01","06","11","007","2018100537","シルキーヴォイス","00","1","2","01071","池江泰寿","540","0",
"20240115","2024","0120","06","01","06","11","008","2020103417","ダノンザタイガー","00","1","1","00399","国枝栄","570","0",
"20240115","2024","0120","06","01","06","11","009","2020105681","ハーツコンチェルト","00","1","1","01147","武井亮","580","0",
"20240115","2024","0120","06","01","06","11","010","2020105795","フェアエールング","00","2","1","01114","和田正一","530","0",
"20240115","2024","0120","06","01","06","11","011","2018105529","ヘッズオアテールズ","00","2","2","01105","須貝尚介","540","0",
"20240115","2024","0120","06","01","06","11","012","2018105722","モリノカンナチャン","00","2","1","01026","鈴木伸尋","530","0",
"20240115","2024","0120","06","01","06","11","013","2020104285","ラーテル","05","3","1","00437","南田美知","510","0",
"20240115","2024","0120","06","01","06","11","014","2018105213","ルドヴィクス","00","1","1","01067","久保田貴","570","0",
"20240115","2024","0120","08","01","06","09","001","2021105616","エルフストラック","00","2","2","01186","中村直也","550","0",
"20240115","2024","0120","08","01","06","09","002","2021102561","キーウェーブ","00","1","2","01003","川村禎彦","570","0",
"20240115","2024","0120","08","01","06","09","003","2021102800","キャントウェイト","00","1","1","01024","萱野浩二","570","0",
"20240115","2024","0120","08","01","06","09","004","2021104756","サンライズジパング","00","1","2","01002","音無秀孝","570","0",
"20240115","2024","0120","08","01","06","09","005","2021105583","ストーンズ","00","1","2","01061","友道康夫","570","0",
"20240115","2024","0120","08","01","06","09","006","2021107138","スノーブリザード","05","1","2","01188","畑端省吾","570","0",
"20240115","2024","0120","08","01","06","09","007","2021102895","ナムラエイハブ","00","1","2","01173","長谷川浩","570","0",
"20240115","2024","0120","08","01","06","09","008","2021105454","ブエナオンダ","00","1","2","01105","須貝尚介","570","0",
"20240115","2024","0120","08","01","06","09","009","2021106816","マイネルブリックス","00","1","1","01133","黒岩陽一","570","0",
"20240115","2024","0120","08","01","06","09","010","2021101751","ミカエルパシャ","00","1","2","01154","橋口慎介","570","0",
"20240115","2024","0120","08","01","06","09","011","2021103272","メイショウタバル","00","1","2","01140","石橋守","570","0",
"20240115","2024","0120","08","01","06","10","001","2020101275","アイファーテイオー","00","1","2","01046","鮫島一歩","570","0",
"20240115","2024","0120","08","01","06","10","002","2018100679","インテンスフレイム","00","1","2","01120","千田輝彦","580","0",
"20240115","2024","0120","08","01","06","10","003","2019103584","オラヴェリタス","00","1","2","01158","寺島良","580","0",
"20240115","2024","0120","08","01","06","10","004","2017105224","キングダムウイナー","00","1","2","01180","田中克典","580","0",
"20240115","2024","0120","08","01","06","10","005","2016105750","サダムゲンヤ","00","1","2","01069","中尾秀正","580","0",
"20240115","2024","0120","08","01","06","10","006","2018105996","サムハンター","00","1","2","01135","高橋康之","580","0",
"20240115","2024","0120","08","01","06","10","007","2018103711","シンヨモギネス","00","1","1","01023","伊藤圭三","580","0",
"20240115","2024","0120","08","01","06","10","008","2020104561","タイガースパーク","00","1","2","01065","大橋勇樹","570","0",
"20240115","2024","0120","08","01","06","10","009","2018104156","ダッシュダクラウン","00","3","2","01161","武英智","580","0",
"20240115","2024","0120","08","01","06","10","010","2019104080","ダノンフロイデ","00","1","2","01055","藤原英昭","580","0",
"20240115","2024","0120","08","01","06","10","011","2020104661","ダンテバローズ","00","1","2","01168","上村洋行","570","0",
"20240115","2024","0120","08","01","06","10","012","2018100247","テンウォークライ","00","1","1","01132","金成貴史","580","0",
"20240115","2024","0120","08","01","06","10","013","2019105330","パーサヴィアランス","00","1","2","01148","西村真幸","580","0",
"20240115","2024","0120","08","01","06","10","014","2019103420","ヒノデテイオー","05","1","2","01072","河内洋","580","0",
"20240115","2024","0120","08","01","06","10","015","2019106691","ビーアイオラクル","00","1","2","01123","牧田和弥","580","0",
"20240115","2024","0120","08","01","06","10","016","2020102045","フェルヴェンテ","00","1","2","00425","加用正","570","0",
"20240115","2024","0120","08","01","06","10","017","2020106635","メイショウシナノ","00","1","2","01065","大橋勇樹","570","0",
"20240115","2024","0120","08","01","06","10","018","2019106868","レディーシス","00","2","2","01085","小崎憲","560","0",
"20240115","2024","0120","08","01","06","10","019","2019102585","ワンダーブレット","00","3","2","01104","笹田和秀","580","0",
"20240115","2024","0120","08","01","06","11","001","2016106292","オールイズウェル","00","1","2","00429","佐々木晶","550","0",
"20240115","2024","0120","08","01","06","11","002","2019104159","カヨウネンカ","00","2","1","01086","斎藤誠","530","0",
"20240115","2024","0120","08","01","06","11","003","2018104800","ギャラントウォリア","00","3","2","01082","平田修","560","0",
"20240115","2024","0120","08","01","06","11","004","2019102327","ケデシュ","00","2","2","01168","上村洋行","530","0",
"20240115","2024","0120","08","01","06","11","005","2019105118","ジュンブロッサム","00","1","2","01061","友道康夫","570","0",
"20240115","2024","0120","08","01","06","11","006","2019106604","スミ","00","2","2","01136","高橋亮","530","0",
"20240115","2024","0120","08","01","06","11","007","2020103102","セオ","00","1","2","01168","上村洋行","550","0",
"20240115","2024","0120","08","01","06","11","008","2020106338","ソレイユヴィータ","00","2","2","01157","杉山晴紀","520","0",
"20240115","2024","0120","08","01","06","11","009","2018101945","タガノディアーナ","00","2","2","01173","長谷川浩","540","0",
"20240115","2024","0120","08","01","06","11","010","2016105060","トオヤリトセイト","00","1","2","01149","松下武士","550","0",
"20240115","2024","0120","08","01","06","11","011","2019104556","トランキリテ","00","1","2","01092","松永幹夫","560","0",
"20240115","2024","0120","08","01","06","11","012","2020103450","ピピオラ","00","2","2","01160","武幸四郎","520","0",
"20240115","2024","0120","08","01","06","11","013","2019107075","ブランデーロック","00","1","1","01005","小桧山悟","540","0",
"20240115","2024","0120","08","01","06","11","014","2018103535","ホウオウラスカーズ","00","2","1","01088","高木登","530","0",
"20240115","2024","0120","08","01","06","11","015","2020102817","マラキナイア","00","2","2","01176","吉岡辰弥","540","0",
"20240115","2024","0120","08","01","06","11","016","2017106086","メイショウベッピン","00","2","2","01095","荒川義之","530","0",
"20240115","2024","0120","08","01","06","11","017","2020101784","ラケマーダ","00","1","2","01120","千田輝彦","550","0",
"20240115","2024","0120","10","01","03","09","001","2021104140","グレースルージュ","00","2","2","01130","吉村圭司","550","0",
"20240115","2024","0120","10","01","03","09","002","2021101386","コールミーメイビー","00","0","0","00000","","550","1",
"20240115","2024","0120","10","01","03","09","003","2021104404","シュークリーム","00","2","2","01148","西村真幸","550","0",
"20240115","2024","0120","10","01","03","09","004","2021102562","パルプフィクション","00","2","2","01139","飯田祐史","550","0",
"20240115","2024","0120","10","01","03","09","005","2021100899","ビッグドリーム","00","1","2","01028","西園正都","570","0",
"20240115","2024","0120","10","01","03","09","006","2021109123","ユメカナウケン","00","2","2","00431","谷潔","550","0",
"20240115","2024","0120","10","01","03","09","007","2021103312","ロードマイライフ","00","1","2","01157","杉山晴紀","570","0",
"20240115","2024","0120","10","01","03","09","008","2021102377","ヴェッターホルン","00","1","2","01101","吉田直弘","570","0",
"20240115","2024","0120","10","01","03","10","001","2020102671","アイベラ","00","2","1","01162","田中博康","550","0",
"20240115","2024","0120","10","01","03","10","002","2020106692","アオラキ","00","1","1","01027","田村康仁","570","0",
"20240115","2024","0120","10","01","03","10","003","2020105655","アリスヴェリテ","00","2","2","01039","中竹和也","550","0",
"20240115","2024","0120","10","01","03","10","004","2020102785","イゾレエオリア","00","2","1","01109","伊藤大士","550","0",
"20240115","2024","0120","10","01","03","10","005","2020105189","ウインリュクス","00","2","2","01050","飯田雄三","550","0",
"20240115","2024","0120","10","01","03","10","006","2020102340","カズキ","00","1","2","01084","梅田智之","570","0",
"20240115","2024","0120","10","01","03","10","007","2018106352","キヨラ","05","2","1","01189","堀内岳志","560","0",
"20240115","2024","0120","10","01","03","10","008","2019102559","クインズステラ","00","2","1","01150","池上昌和","560","0",
"20240115","2024","0120","10","01","03","10","009","2018105021","グルーヴビート","00","1","2","01186","中村直也","580","0",
"20240115","2024","0120","10","01","03","10","010","2019100702","コスモエクスプレス","00","1","1","01093","松永康利","580","0",
"20240115","2024","0120","10","01","03","10","011","2019102611","コスモダークナイト","05","1","2","01101","吉田直弘","580","0",
"20240115","2024","0120","10","01","03","10","012","2020105836","ゴールドレコーダー","00","2","1","00437","南田美知","550","0",
"20240115","2024","0120","10","01","03","10","013","2020106680","サスケ","00","1","2","01148","西村真幸","570","0",
"20240115","2024","0120","10","01","03","10","014","2020105031","シュハリ","00","1","1","01096","粕谷昌央","570","0",
"20240115","2024","0120","10","01","03","10","015","2020101212","ショウナンアキドン","00","1","2","01117","高野友和","570","0",
"20240115","2024","0120","10","01","03","10","016","2020103670","ショウナンハクウン","00","1","1","01102","大竹正博","570","0",
"20240115","2024","0120","10","01","03","10","017","2020109107","シランケド","00","2","2","01113","牧浦充徳","550","0",
"20240115","2024","0120","10","01","03","10","018","2019100907","ゼアズノープレイス","05","1","1","01063","的場均","580","0",
"20240115","2024","0120","10","01","03","10","019","2020103394","タイセイクラージュ","00","3","2","01075","矢作芳人","570","0",
"20240115","2024","0120","10","01","03","10","020","2019102384","タイラーテソーロ","00","1","1","01127","栗田徹","580","0",
"20240115","2024","0120","10","01","03","10","021","2020105550","タガノフリューゲル","00","1","2","01046","鮫島一歩","570","0",
"20240115","2024","0120","10","01","03","10","022","2020100606","タナサンブラック","00","1","1","01177","伊坂重信","570","0",
"20240115","2024","0120","10","01","03","10","023","2019100249","ツッチーフェイス","00","2","2","01128","今野貞一","560","0",
"20240115","2024","0120","10","01","03","10","024","2019100841","テラフォーミング","00","1","1","01020","相沢郁","580","0",
"20240115","2024","0120","10","01","03","10","025","2020102716","ドゥヴァンスマン","00","1","2","01181","茶木太樹","570","0",
"20240115","2024","0120","10","01","03","10","026","2018106354","バガン","00","1","2","01098","野中賢二","580","0",
"20240115","2024","0120","10","01","03","10","027","2019106716","ヒドゥンキング","00","1","1","01109","伊藤大士","580","0",
"20240115","2024","0120","10","01","03","10","028","2017102084","ヒルノアントラ","00","3","2","01044","昆貢","580","0",
"20240115","2024","0120","10","01","03","10","029","2018101924","フォレスタ","00","2","1","01195","嘉藤貴行","560","0",
"20240115","2024","0120","10","01","03","10","030","2020105796","ペリプルス","00","1","1","01035","佐藤吉勝","570","0",
"20240115","2024","0120","10","01","03","10","031","2019100913","ポリクシニーズ","05","1","1","01133","黒岩陽一","580","0",
"20240115","2024","0120","10","01","03","10","032","2019100774","マイネルシーマー","00","1","1","01156","青木孝文","580","0",
"20240115","2024","0120","10","01","03","10","033","2017101746","マイネルデステリョ","00","1","1","01048","畠山吉宏","580","0",
"20240115","2024","0120","10","01","03","10","034","2020104676","マイレーヌ","00","2","1","01086","斎藤誠","550","0",
"20240115","2024","0120","10","01","03","10","035","2019106877","ミナモトフェイス","00","2","1","00423","上原博之","560","0",
"20240115","2024","0120","10","01","03","10","036","2019104112","メイショウウネビ","00","1","2","01099","本田優","580","0",
"20240115","2024","0120","10","01","03","10","037","2019104098","メイショウホーコン","05","1","2","01042","安達昭夫","580","0",
"20240115","2024","0120","10","01","03","10","038","2019101645","ユイ","05","2","2","01135","高橋康之","560","0",
"20240115","2024","0120","10","01","03","10","039","2020100177","ロードマンハイム","00","1","2","01061","友道康夫","570","0",
"20240115","2024","0120","10","01","03","10","040","2020103329","ローレルキャニオン","00","1","2","01105","須貝尚介","570","0",
"20240115","2024","0120","10","01","03","10","041","2018104477","ヴィトーリア","00","1","2","01161","武英智","580","0",
"20240115","2024","0120","10","01","03","11","001","2020101275","アイファーテイオー","00","1","2","01046","鮫島一歩","570","0",
"20240115","2024","0120","10","01","03","11","002","2019103584","オラヴェリタス","00","1","2","01158","寺島良","580","0",
"20240115","2024","0120","10","01","03","11","003","2016100201","キョウワウォール","00","1","2","01050","飯田雄三","580","0",
"20240115","2024","0120","10","01","03","11","004","2020106063","ゴッドブルービー","00","1","2","01121","角田晃一","570","0",
"20240115","2024","0120","10","01","03","11","005","2020104198","サイレンスタイム","00","1","2","01042","安達昭夫","570","0",
"20240115","2024","0120","10","01","03","11","006","2018105996","サムハンター","00","1","2","01135","高橋康之","580","0",
"20240115","2024","0120","10","01","03","11","007","2018103473","サヴァビアン","00","1","2","01091","羽月友彦","580","0",
"20240115","2024","0120","10","01","03","11","008","2020104148","タイセイウォリアー","00","1","2","01065","大橋勇樹","570","0",
"20240115","2024","0120","10","01","03","11","009","2020102932","タロントゥーズ","00","1","2","01058","大久保龍","570","0",
"20240115","2024","0120","10","01","03","11","010","2018110119","トップスターサン","06","1","2","01184","四位洋文","580","0",
"20240115","2024","0120","10","01","03","11","011","2020102045","フェルヴェンテ","00","1","2","00425","加用正","570","0",
"20240115","2024","0120","10","01","03","11","012","2019104118","ベイパーコーン","05","3","2","01111","鈴木孝志","580","0",
"20240115","2024","0120","10","01","03","11","013","2020101766","ミヤジシャルマン","00","1","2","01003","川村禎彦","570","0",
"20240115","2024","0120","10","01","03","11","014","2020106635","メイショウシナノ","00","1","2","01065","大橋勇樹","570","0",
"20240115","2024","0120","10","01","03","11","015","2019103017","リースタル","00","2","2","01142","森田直行","560","0",
"20240115","2024","0120","10","01","03","11","016","2020106579","ルナビス","00","2","2","01142","森田直行","550","0",
"20240115","2024","0120","10","01","03","11","017","2019102585","ワンダーブレット","00","3","2","01104","笹田和秀","580","0",
"20240115","2024","0121","06","01","07","09","001","2021105397","アフィリオン","00","1","1","01079","古賀慎明","570","0",
"20240115","2024","0121","06","01","07","09","002","2021105625","アレグロブリランテ","00","1","1","01192","上原佑紀","570","0",
"20240115","2024","0121","06","01","07","09","003","2021107085","ウインアクトゥール","00","1","1","01127","栗田徹","570","0",
"20240115","2024","0121","06","01","07","09","004","2021102800","キャントウェイト","00","1","1","01024","萱野浩二","570","0",
"20240115","2024","0121","06","01","07","09","005","2021101453","サトノオラシオン","00","1","1","01070","堀宣行","570","0",
"20240115","2024","0121","06","01","07","09","006","2021105688","セブンマイスター","00","1","1","01126","木村哲也","570","0",
"20240115","2024","0121","06","01","07","09","007","2021105486","トロピカルティー","00","2","1","01163","林徹","550","0",
"20240115","2024","0121","06","01","07","09","008","2021102895","ナムラエイハブ","00","1","2","01173","長谷川浩","570","0",
"20240115","2024","0121","06","01","07","09","009","2021106816","マイネルブリックス","00","1","1","01133","黒岩陽一","570","0",
"20240115","2024","0121","06","01","07","09","010","2021106837","マイネルヴォルムス","00","1","1","01174","深山雅史","570","0",
"20240115","2024","0121","06","01","07","09","011","2021103329","ムビョウソクサイ","00","1","1","01109","伊藤大士","570","0",
"20240115","2024","0121","06","01","07","09","012","2021105040","ルカランフィースト","00","1","1","01097","鹿戸雄一","570","0",
"20240115","2024","0121","06","01","07","10","001","2020100116","アクションプラン","00","1","1","01150","池上昌和","570","0",
"20240115","2024","0121","06","01","07","10","002","2019106414","アスクビックスター","00","1","2","01075","矢作芳人","580","0",
"20240115","2024","0121","06","01","07","10","003","2019105634","カランセ","00","2","1","01132","金成貴史","560","0",
"20240115","2024","0121","06","01","07","10","004","2018101742","クインズミモザ","00","2","1","01150","池上昌和","560","0",
"20240115","2024","0121","06","01","07","10","005","2019105416","グーデンドラーク","00","1","2","01144","池添学","580","0",
"20240115","2024","0121","06","01","07","10","006","2020104497","サイモンザナドゥ","00","1","2","01185","小林真也","570","0",
"20240115","2024","0121","06","01","07","10","007","2018100830","ダイシンピスケス","00","1","2","00427","森秀行","580","0",
"20240115","2024","0121","06","01","07","10","008","2017106012","ダッチマン","00","3","2","01002","音無秀孝","580","0",
"20240115","2024","0121","06","01","07","10","009","2019106387","トップスティール","00","1","1","01174","深山雅史","580","0",
"20240115","2024","0121","06","01","07","10","010","2020103127","フラッパールック","00","2","1","01163","林徹","550","0",
"20240115","2024","0121","06","01","07","10","011","2019105604","ブレイクフォース","00","1","1","01153","中舘英二","580","0",
"20240115","2024","0121","06","01","07","10","012","2019106027","プリンスミノル","00","1","1","01153","中舘英二","580","0",
"20240115","2024","0121","06","01","07","10","013","2017102952","マイネルクロンヌ","00","1","1","01156","青木孝文","580","0",
"20240115","2024","0121","06","01","07","10","014","2017103607","ミヤビマドンナ","00","2","1","01153","中舘英二","560","0",
"20240115","2024","0121","06","01","07","10","015","2020106196","メイショウモズ","00","1","2","01083","松永昌博","570","0",
"20240115","2024","0121","06","01","07","10","016","2018101075","モズマゾク","00","1","2","01178","杉山佳明","580","0",
"20240115","2024","0121","06","01","07","10","017","2018104754","リファインドマナー","05","2","2","01178","杉山佳明","560","0",
"20240115","2024","0121","06","01","07","10","018","2018106451","レイクリエイター","00","1","2","01138","浜田多実","580","0",
"20240115","2024","0121","06","01","07","10","019","2019101168","レッドラパルマ","00","1","1","01059","加藤征弘","580","0",
"20240115","2024","0121","06","01","07","10","020","2018104574","ローズボウル","00","1","1","01163","林徹","580","0",
"20240115","2024","0121","06","01","07","10","021","2019105560","ヴァーンフリート","00","1","1","01038","手塚貴久","580","0",
"20240115","2024","0121","06","01","07","11","001","2018104895","アドマイヤハレー","00","1","1","01175","宮田敬介","570","0",
"20240115","2024","0121","06","01","07","11","002","2016106606","カラテ","00","1","2","01183","辻野泰之","570","0",
"20240115","2024","0121","06","01","07","11","003","2016101865","カルリーノ","00","1","1","00412","高橋裕","570","0",
"20240115","2024","0121","06","01","07","11","004","2017105074","クロミナンス","00","1","1","01103","尾関知人","570","0",
"20240115","2024","0121","06","01","07","11","005","2019101422","サンストックトン","00","1","1","01097","鹿戸雄一","570","0",
"20240115","2024","0121","06","01","07","11","006","2020103333","ショウナンバシット","00","1","2","01105","須貝尚介","560","0",
"20240115","2024","0121","06","01","07","11","007","2018101348","シルブロン","00","1","1","01167","稲垣幸雄","570","0",
"20240115","2024","0121","06","01","07","11","008","2018104609","チャックネイト","00","3","1","01070","堀宣行","570","0",
"20240115","2024","0121","06","01","07","11","009","2018103489","ホウオウリアリティ","00","1","1","01088","高木登","570","0",
"20240115","2024","0121","06","01","07","11","010","2016104618","ボッケリーニ","00","1","2","01071","池江泰寿","570","0",
"20240115","2024","0121","06","01","07","11","011","2016100752","マイネルウィルトス","00","1","2","01018","宮徹","570","0",
"20240115","2024","0121","06","01","07","11","012","2020103322","モリアーナ","00","2","1","01064","武藤善則","540","0",
"20240115","2024","0121","06","01","07","11","013","2019101782","ラーグルフ","00","1","1","00420","宗像義忠","570","0",
"20240115","2024","0121","08","01","07","09","001","2019100664","エグランタイン","00","2","2","01104","笹田和秀","560","0",
"20240115","2024","0121","08","01","07","09","002","2020102873","キミノナハマリア","00","2","2","01120","千田輝彦","550","0",
"20240115","2024","0121","08","01","07","09","003","2020104245","コイニョウボウ","00","2","2","01069","中尾秀正","550","0",
"20240115","2024","0121","08","01","07","09","004","2019105450","ショショローザ","00","2","2","01194","小栗実","560","0",
"20240115","2024","0121","08","01","07","09","005","2020109107","シランケド","00","2","2","01113","牧浦充徳","550","0",
"20240115","2024","0121","08","01","07","09","006","2018105408","シンシアリダーリン","00","2","2","01168","上村洋行","560","0",
"20240115","2024","0121","08","01","07","09","007","2020106144","ディヴァージオン","00","2","2","01062","藤岡健一","550","0",
"20240115","2024","0121","08","01","07","09","008","2018105084","ファジェス","00","2","2","00438","安田隆行","560","0",
"20240115","2024","0121","08","01","07","09","009","2020102883","フォーチュンコード","00","2","2","01185","小林真也","550","0",
"20240115","2024","0121","08","01","07","09","010","2019104538","マンクスホップ","00","2","2","01092","松永幹夫","560","0",
"20240115","2024","0121","08","01","07","09","011","2019105301","ロマンシングブルー","00","2","2","01155","渡辺薫彦","560","0",
"20240115","2024","0121","08","01","07","10","001","2018102264","アシタバ","00","2","2","01146","奥村豊","560","0",
"20240115","2024","0121","08","01","07","10","002","2019103064","アランチャータ","00","2","2","01168","上村洋行","560","0",
"20240115","2024","0121","08","01","07","10","003","2020105545","アルムラトゥール","00","1","2","01003","川村禎彦","580","0",
"20240115","2024","0121","08","01","07","10","004","2020110147","インヒズアイズ","06","2","2","01075","矢作芳人","560","0",
"20240115","2024","0121","08","01","07","10","005","2019105250","ウォームライト","00","1","2","01184","四位洋文","580","0",
"20240115","2024","0121","08","01","07","10","006","2019102753","カフジエニアゴン","00","2","2","01033","木原一良","560","0",
"20240115","2024","0121","08","01","07","10","007","2018102181","コスモノアゼット","00","1","1","01109","伊藤大士","580","0",
"20240115","2024","0121","08","01","07","10","008","2019102011","サザンエルフ","00","2","1","01081","中川公成","560","0",
"20240115","2024","0121","08","01","07","10","009","2018100886","ジェットエンブレム","00","1","2","01166","石坂公一","580","0",
"20240115","2024","0121","08","01","07","10","010","2019103065","ゼットレヨン","00","1","2","01101","吉田直弘","580","0",
"20240115","2024","0121","08","01","07","10","011","2020101633","ダノンセシボン","00","2","2","01120","千田輝彦","560","0",
"20240115","2024","0121","08","01","07","10","012","2019106632","テイエムランウェイ","00","1","2","01050","飯田雄三","580","0",
"20240115","2024","0121","08","01","07","10","013","2019102522","ドグマ","00","1","2","01160","武幸四郎","580","0",
"20240115","2024","0121","08","01","07","10","014","2020106006","ドンアミティエ","00","1","2","01128","今野貞一","580","0",
"20240115","2024","0121","08","01","07","10","015","2019101975","ナムラフランク","00","1","2","01111","鈴木孝志","580","0",
"20240115","2024","0121","08","01","07","10","016","2016100507","ヒロノトウリョウ","00","1","1","01131","蛯名利弘","580","0",
"20240115","2024","0121","08","01","07","10","017","2018100623","ミラクル","00","2","2","00425","加用正","560","0",
"20240115","2024","0121","08","01","07","10","018","2018103738","ミラバーグマン","05","2","2","01148","西村真幸","560","0",
"20240115","2024","0121","08","01","07","10","019","2019100451","メルシー","00","2","2","01128","今野貞一","560","0",
"20240115","2024","0121","08","01","07","10","020","2017106295","ラインガルーダ","00","1","2","01083","松永昌博","580","0",
"20240115","2024","0121","08","01","07","10","021","2019106682","ロックユアハート","00","2","2","01075","矢作芳人","560","0",
"20240115","2024","0121","08","01","07","10","022","2016100952","ヴァリアント","00","1","2","01181","茶木太樹","580","0",
"20240115","2024","0121","08","01","07","11","001","2018100829","ウィリアムバローズ","00","1","2","01168","上村洋行","570","0",
"20240115","2024","0121","08","01","07","11","002","2015105573","エクスパートラン","00","1","2","01085","小崎憲","570","0",
"20240115","2024","0121","08","01","07","11","003","2020103308","オーロイプラータ","00","1","2","01073","宮本博","560","0",
"20240115","2024","0121","08","01","07","11","004","2020102904","オメガギネス","00","1","1","01124","大和田成","560","0",
"20240115","2024","0121","08","01","07","11","005","2020104239","キリンジ","00","1","2","00429","佐々木晶","560","0",
"20240115","2024","0121","08","01","07","11","006","2016101745","ゲンパチルシファー","00","1","2","00429","佐々木晶","570","0",
"20240115","2024","0121","08","01","07","11","007","2018102260","サンライズウルス","00","1","2","01164","安田翔伍","570","0",
"20240115","2024","0121","08","01","07","11","008","2016100617","スマッシングハーツ","05","1","2","01172","新谷功一","570","0",
"20240115","2024","0121","08","01","07","11","009","2019105308","タイセイドレフォン","00","1","2","01148","西村真幸","570","0",
"20240115","2024","0121","08","01","07","11","010","2017103000","バビット","00","1","2","01138","浜田多実","570","0",
"20240115","2024","0121","08","01","07","11","011","2019101613","ビヨンドザファザー","00","1","2","01062","藤岡健一","570","0",
"20240115","2024","0121","08","01","07","11","012","2020106565","ブライアンセンス","00","1","1","01086","斎藤誠","560","0",
"20240115","2024","0121","08","01","07","11","013","2018104059","ブラックアーメット","00","1","2","01121","角田晃一","570","0",
"20240115","2024","0121","08","01","07","11","014","2018106084","ペプチドナイル","00","1","2","01161","武英智","570","0",
"20240115","2024","0121","08","01","07","11","015","2018105431","ミッキーヌチバナ","00","1","2","01136","高橋亮","570","0",
"20240115","2024","0121","08","01","07","11","016","2019104983","レッドファーロ","00","1","2","01092","松永幹夫","570","0",
"20240115","2024","0121","08","01","07","11","017","2018104948","ヴィクティファルス","00","3","2","01144","池添学","570","0",
"20240115","2024","0121","10","01","04","09","001","2020110068","エイムインライフ","06","2","2","01121","角田晃一","560","0",
"20240115","2024","0121","10","01","04","09","002","2020101265","オコジュ","00","2","1","01010","中野栄治","560","0",
"20240115","2024","0121","10","01","04","09","003","2020102718","オルフェスト","00","2","1","01150","池上昌和","560","0",
"20240115","2024","0121","10","01","04","09","004","2018105386","カフジヴィオレッタ","05","2","2","01142","森田直行","560","0",
"20240115","2024","0121","10","01","04","09","005","2020104911","キュベリン","00","2","1","01195","嘉藤貴行","560","0",
"20240115","2024","0121","10","01","04","09","006","2020103885","クリノゴッホ","00","1","1","01051","岩戸孝樹","580","0",
"20240115","2024","0121","10","01","04","09","007","2020100347","クリノリアルレディ","00","2","1","01031","伊藤伸一","560","0",
"20240115","2024","0121","10","01","04","09","008","2020101481","サザンレイク","05","2","1","01029","根本康広","560","0",
"20240115","2024","0121","10","01","04","09","009","2019110127","サトノプリエール","11","2","2","01151","斉藤崇史","560","0",
"20240115","2024","0121","10","01","04","09","010","2019101031","サミュエル","00","2","1","01115","菊沢隆徳","560","0",
"20240115","2024","0121","10","01","04","09","011","2019102068","シャウビンダー","00","2","2","01105","須貝尚介","560","0",
"20240115","2024","0121","10","01","04","09","012","2018105523","シュライエン","00","2","2","01117","高野友和","560","0",
"20240115","2024","0121","10","01","04","09","013","2020104824","シンデレラスマイル","00","2","1","01064","武藤善則","560","0",
"20240115","2024","0121","10","01","04","09","014","2019104764","ジェットグリッター","05","2","1","01047","勢司和浩","560","0",
"20240115","2024","0121","10","01","04","09","015","2020103422","ジュエルピーチ","00","2","2","01148","西村真幸","560","0",
"20240115","2024","0121","10","01","04","09","016","2020104415","スピニングマーリン","00","2","1","01187","西田雄一","560","0",
"20240115","2024","0121","10","01","04","09","017","2020104545","スマートメイプル","00","2","2","01075","矢作芳人","560","0",
"20240115","2024","0121","10","01","04","09","018","2020102488","トーセンエスクード","00","1","1","01115","菊沢隆徳","580","0",
"20240115","2024","0121","10","01","04","09","019","2018100618","トーホウジュナール","00","2","2","00431","谷潔","560","0",
"20240115","2024","0121","10","01","04","09","020","2019100936","ニシノタマユラ","00","2","1","01174","深山雅史","560","0",
"20240115","2024","0121","10","01","04","09","021","2020105492","ニシノピウモッソ","00","1","1","01187","西田雄一","580","0",
"20240115","2024","0121","10","01","04","09","022","2019101643","バシレウスシチー","05","1","2","01066","岡田稲男","580","0",
"20240115","2024","0121","10","01","04","09","023","2020106821","ピースフルナイト","00","2","2","01117","高野友和","560","0",
"20240115","2024","0121","10","01","04","09","024","2019104874","フルティージャ","05","2","1","01189","堀内岳志","560","0",
"20240115","2024","0121","10","01","04","09","025","2019101276","ブルーグロット","00","1","1","01031","伊藤伸一","580","0",
"20240115","2024","0121","10","01","04","09","026","2019104560","ヘレンキムゼー","05","1","1","01097","鹿戸雄一","580","0",
"20240115","2024","0121","10","01","04","09","027","2020104796","ホイッスルソング","00","2","1","01133","黒岩陽一","560","0",
"20240115","2024","0121","10","01","04","09","028","2020100295","メリトリオ","00","1","1","01102","大竹正博","580","0",
"20240115","2024","0121","10","01","04","09","029","2019102306","ラッキーミーティア","05","2","1","01177","伊坂重信","560","0",
"20240115","2024","0121","10","01","04","09","030","2020102229","リシャールケリー","00","1","2","01181","茶木太樹","580","0",
"20240115","2024","0121","10","01","04","09","031","2020103721","レイカットスルー","00","1","1","01169","加藤士津","580","0",
"20240115","2024","0121","10","01","04","10","001","2018100967","アスカノミライ","05","1","2","01003","川村禎彦","580","0",
"20240115","2024","0121","10","01","04","10","002","2018105462","アナレンマ","00","3","2","01055","藤原英昭","580","0",
"20240115","2024","0121","10","01","04","10","003","2019106932","エヴィダンシア","00","1","2","01055","藤原英昭","580","0",
"20240115","2024","0121","10","01","04","10","004","2018105260","サンデージャック","00","1","2","01073","宮本博","580","0",
"20240115","2024","0121","10","01","04","10","005","2019100796","シーグラス","00","2","1","01064","武藤善則","560","0",
"20240115","2024","0121","10","01","04","10","006","2020103663","シリンガバルガリス","00","3","2","01092","松永幹夫","570","0",
"20240115","2024","0121","10","01","04","10","007","2019105480","ジェンヌ","00","2","2","01042","安達昭夫","560","0",
"20240115","2024","0121","10","01","04","10","008","2020104302","スマートファントム","00","1","2","01140","石橋守","570","0",
"20240115","2024","0121","10","01","04","10","009","2019100549","タガノバルコス","00","1","2","01046","鮫島一歩","580","0",
"20240115","2024","0121","10","01","04","10","010","2018105084","ファジェス","00","2","2","00438","安田隆行","560","0",
"20240115","2024","0121","10","01","04","10","011","2020105656","フルール","00","2","1","01192","上原佑紀","550","0",
"20240115","2024","0121","10","01","04","10","012","2019100831","プリマヴィータ","05","2","2","01041","藤沢則雄","560","0",
"20240115","2024","0121","10","01","04","10","013","2019105441","ヴォルゴグラード","00","1","2","01123","牧田和弥","580","0",
"20240115","2024","0121","10","01","04","11","001","2019106414","アスクビックスター","00","1","2","01075","矢作芳人","550","0",
"20240115","2024","0121","10","01","04","11","002","2019106684","イチネンエーグミ","00","1","2","01181","茶木太樹","550","0",
"20240115","2024","0121","10","01","04","11","003","2019110040","ウラヤ","06","1","2","01098","野中賢二","550","0",
"20240115","2024","0121","10","01","04","11","004","2019103004","グラストンベリー","00","2","2","01062","藤岡健一","520","0",
"20240115","2024","0121","10","01","04","11","005","2017104056","サトノスライヴ","00","1","1","01192","上原佑紀","540","0",
"20240115","2024","0121","10","01","04","11","006","2019103419","サンライズアリオン","00","1","2","01082","平田修","570","0",
"20240115","2024","0121","10","01","04","11","007","2019103055","シルバーブレッド","00","1","2","01166","石坂公一","550","0",
"20240115","2024","0121","10","01","04","11","008","2019101778","スマートムーラン","00","2","2","01058","大久保龍","530","0",
"20240115","2024","0121","10","01","04","11","009","2019100539","タガノエスコート","00","1","2","01185","小林真也","570","0",
"20240115","2024","0121","10","01","04","11","010","2018100830","ダイシンピスケス","00","1","2","00427","森秀行","560","0",
"20240115","2024","0121","10","01","04","11","011","2017106012","ダッチマン","00","3","2","01002","音無秀孝","540","0",
"20240115","2024","0121","10","01","04","11","012","2018102048","ハイエストポイント","00","1","2","01111","鈴木孝志","550","0",
"20240115","2024","0121","10","01","04","11","013","2018102060","ハンディーズピーク","00","1","2","01058","大久保龍","550","0",
"20240115","2024","0121","10","01","04","11","014","2018105471","ビオグラフィア","00","1","2","01149","松下武士","550","0",
"20240115","2024","0121","10","01","04","11","015","2020102818","メイクザビート","00","1","2","01028","西園正都","550","0",
"20240115","2024","0121","10","01","04","11","016","2019103917","メイショウジブリ","00","1","2","01121","角田晃一","550","0",
"20240115","2024","0121","10","01","04","11","017","2020106196","メイショウモズ","00","1","2","01083","松永昌博","560","0",
"20240115","2024","0121","10","01","04","11","018","2018101075","モズマゾク","00","1","2","01178","杉山佳明","550","0",
"20240115","2024","0121","10","01","04","11","019","2018104754","リファインドマナー","05","2","2","01178","杉山佳明","510","0",
"20240115","2024","0121","10","01","04","11","020","2018106451","レイクリエイター","00","1","2","01138","浜田多実","540","0",
"20240115","2024","0121","10","01","04","11","021","2019104729","レリジールダモーレ","00","2","2","01129","高橋義忠","520","0",
"20240115","2024","0121","10","01","04","11","022","2020102061","ローズスター","00","1","2","01168","上村洋行","550","0",
"20240115","2024","0121","10","01","04","11","023","2018105503","ロコポルティ","00","1","2","01028","西園正都","560","0",
